CREATE DATABASE  IF NOT EXISTS `bookstore` /*!40100 DEFAULT CHARACTER SET utf8mb4 COLLATE utf8mb4_0900_ai_ci */ /*!80016 DEFAULT ENCRYPTION='N' */;
USE `bookstore`;
-- MySQL dump 10.13  Distrib 8.0.18, for Win64 (x86_64)
--
-- Host: localhost    Database: bookstore
-- ------------------------------------------------------
-- Server version	8.0.18

/*!40101 SET @OLD_CHARACTER_SET_CLIENT=@@CHARACTER_SET_CLIENT */;
/*!40101 SET @OLD_CHARACTER_SET_RESULTS=@@CHARACTER_SET_RESULTS */;
/*!40101 SET @OLD_COLLATION_CONNECTION=@@COLLATION_CONNECTION */;
/*!50503 SET NAMES utf8 */;
/*!40103 SET @OLD_TIME_ZONE=@@TIME_ZONE */;
/*!40103 SET TIME_ZONE='+00:00' */;
/*!40014 SET @OLD_UNIQUE_CHECKS=@@UNIQUE_CHECKS, UNIQUE_CHECKS=0 */;
/*!40014 SET @OLD_FOREIGN_KEY_CHECKS=@@FOREIGN_KEY_CHECKS, FOREIGN_KEY_CHECKS=0 */;
/*!40101 SET @OLD_SQL_MODE=@@SQL_MODE, SQL_MODE='NO_AUTO_VALUE_ON_ZERO' */;
/*!40111 SET @OLD_SQL_NOTES=@@SQL_NOTES, SQL_NOTES=0 */;

--
-- Table structure for table `admin`
--

DROP TABLE IF EXISTS `admin`;
/*!40101 SET @saved_cs_client     = @@character_set_client */;
/*!50503 SET character_set_client = utf8mb4 */;
CREATE TABLE `admin` (
  `idadmin` int(11) NOT NULL AUTO_INCREMENT,
  `username` varchar(255) CHARACTER SET utf8mb4 COLLATE utf8mb4_vietnamese_ci NOT NULL,
  `password` varchar(255) CHARACTER SET utf8mb4 COLLATE utf8mb4_vietnamese_ci NOT NULL,
  PRIMARY KEY (`idadmin`)
) ENGINE=InnoDB AUTO_INCREMENT=2 DEFAULT CHARSET=utf8;
/*!40101 SET character_set_client = @saved_cs_client */;

--
-- Dumping data for table `admin`
--

LOCK TABLES `admin` WRITE;
/*!40000 ALTER TABLE `admin` DISABLE KEYS */;
INSERT INTO `admin` VALUES (1,'nam','202cb962ac59075b964b07152d234b70');
/*!40000 ALTER TABLE `admin` ENABLE KEYS */;
UNLOCK TABLES;

--
-- Table structure for table `cart`
--

DROP TABLE IF EXISTS `cart`;
/*!40101 SET @saved_cs_client     = @@character_set_client */;
/*!50503 SET character_set_client = utf8mb4 */;
CREATE TABLE `cart` (
  `id_cart` int(11) NOT NULL AUTO_INCREMENT,
  `name` varchar(11) CHARACTER SET utf8mb4 COLLATE utf8mb4_vietnamese_ci DEFAULT NULL,
  `createdate` timestamp NULL DEFAULT CURRENT_TIMESTAMP,
  PRIMARY KEY (`id_cart`)
) ENGINE=InnoDB AUTO_INCREMENT=43 DEFAULT CHARSET=utf8;
/*!40101 SET character_set_client = @saved_cs_client */;

--
-- Dumping data for table `cart`
--

LOCK TABLES `cart` WRITE;
/*!40000 ALTER TABLE `cart` DISABLE KEYS */;
INSERT INTO `cart` VALUES (33,'a','2019-12-28 06:54:24'),(34,'nam','2019-12-29 03:55:56'),(35,'nam','2019-12-29 03:56:28'),(36,'nam','2019-12-29 03:57:06'),(37,'nam','2019-12-29 03:57:40'),(38,'nam','2019-12-29 04:00:37'),(39,'nam','2019-12-29 04:01:21'),(40,'nam','2019-12-29 04:03:16'),(41,'nam','2019-12-29 04:04:28'),(42,'nam','2019-12-29 04:06:40');
/*!40000 ALTER TABLE `cart` ENABLE KEYS */;
UNLOCK TABLES;

--
-- Table structure for table `cart_detail`
--

DROP TABLE IF EXISTS `cart_detail`;
/*!40101 SET @saved_cs_client     = @@character_set_client */;
/*!50503 SET character_set_client = utf8mb4 */;
CREATE TABLE `cart_detail` (
  `id_cart_detail` int(11) NOT NULL AUTO_INCREMENT,
  `id_cart` int(11) NOT NULL,
  `id_sp` int(11) NOT NULL,
  `quantity` int(11) NOT NULL,
  `price` varchar(100) CHARACTER SET utf8mb4 COLLATE utf8mb4_vietnamese_ci NOT NULL,
  PRIMARY KEY (`id_cart_detail`),
  KEY `id_cart` (`id_cart`),
  KEY `id_sp_idx` (`id_sp`),
  CONSTRAINT `id_cart` FOREIGN KEY (`id_cart`) REFERENCES `cart` (`id_cart`),
  CONSTRAINT `id_sp1` FOREIGN KEY (`id_sp`) REFERENCES `sanpham` (`id_sp`)
) ENGINE=InnoDB AUTO_INCREMENT=51 DEFAULT CHARSET=utf8;
/*!40101 SET character_set_client = @saved_cs_client */;

--
-- Dumping data for table `cart_detail`
--

LOCK TABLES `cart_detail` WRITE;
/*!40000 ALTER TABLE `cart_detail` DISABLE KEYS */;
INSERT INTO `cart_detail` VALUES (43,34,2,2,'80000'),(44,36,2,1,'80000'),(45,37,2,1,'80000'),(46,38,2,1,'80000'),(47,39,2,1,'80000'),(48,40,2,1,'80000'),(49,41,2,1,'80000'),(50,42,2,1,'80000');
/*!40000 ALTER TABLE `cart_detail` ENABLE KEYS */;
UNLOCK TABLES;

--
-- Table structure for table `dangky`
--

DROP TABLE IF EXISTS `dangky`;
/*!40101 SET @saved_cs_client     = @@character_set_client */;
/*!50503 SET character_set_client = utf8mb4 */;
CREATE TABLE `dangky` (
  `id_khachhang` int(11) NOT NULL AUTO_INCREMENT,
  `tenkhachhang` varchar(255) CHARACTER SET utf8mb4 COLLATE utf8mb4_vietnamese_ci NOT NULL,
  `email` varchar(100) CHARACTER SET utf8mb4 COLLATE utf8mb4_vietnamese_ci NOT NULL,
  `matkhau` varchar(100) CHARACTER SET utf8mb4 COLLATE utf8mb4_vietnamese_ci NOT NULL,
  `dienthoai` int(11) NOT NULL,
  `diachinhan` varchar(200) CHARACTER SET utf8mb4 COLLATE utf8mb4_vietnamese_ci NOT NULL,
  PRIMARY KEY (`id_khachhang`)
) ENGINE=InnoDB AUTO_INCREMENT=66 DEFAULT CHARSET=utf8;
/*!40101 SET character_set_client = @saved_cs_client */;

--
-- Dumping data for table `dangky`
--

LOCK TABLES `dangky` WRITE;
/*!40000 ALTER TABLE `dangky` DISABLE KEYS */;
INSERT INTO `dangky` VALUES (64,'c','c','4a8a08f09d37b73795649038408b5f33',1,'c'),(65,'a','a','c4ca4238a0b923820dcc509a6f75849b',1,'1');
/*!40000 ALTER TABLE `dangky` ENABLE KEYS */;
UNLOCK TABLES;

--
-- Table structure for table `gallery`
--

DROP TABLE IF EXISTS `gallery`;
/*!40101 SET @saved_cs_client     = @@character_set_client */;
/*!50503 SET character_set_client = utf8mb4 */;
CREATE TABLE `gallery` (
  `id_gallery` int(11) NOT NULL AUTO_INCREMENT,
  `id_sp` int(11) NOT NULL,
  `hinhanhsp` varchar(255) CHARACTER SET utf8mb4 COLLATE utf8mb4_vietnamese_ci NOT NULL,
  PRIMARY KEY (`id_gallery`),
  KEY `id_sp_idx` (`id_sp`),
  CONSTRAINT `id_sp` FOREIGN KEY (`id_sp`) REFERENCES `sanpham` (`id_sp`)
) ENGINE=InnoDB AUTO_INCREMENT=105 DEFAULT CHARSET=utf8;
/*!40101 SET character_set_client = @saved_cs_client */;

--
-- Dumping data for table `gallery`
--

LOCK TABLES `gallery` WRITE;
/*!40000 ALTER TABLE `gallery` DISABLE KEYS */;
INSERT INTO `gallery` VALUES (85,112,'2019_11_05_09_17_53_21577333423.jpg'),(86,112,'2019_11_05_09_17_53_31577333423.jpg'),(87,112,'2019_11_05_09_17_53_41577333423.jpg'),(88,112,'2019_11_05_09_17_53_51577333423.jpg'),(89,114,'2019_09_19_13_34_25_21577333878.jpg'),(90,115,'thinkandgrowrich-xp-011577334039.jpg'),(91,116,'dac_nhan_tam_kho_lon_tai_ban_2016_2_2018_07_05_14_30_271577334375.jpg'),(92,118,'bia-sach-1_1_11577334656.jpg'),(93,118,'bia-sach-2_3_1_11577334656.jpg'),(94,119,'2019_11_05_09_17_20_101577334827.jpg'),(95,120,'2019_11_04_14_39_13_101577334964.jpg'),(96,122,'little_stories_to_push_you_forward_1_2018_05_25_11_48_081577455434.jpg'),(97,122,'little_stories_to_push_you_forward_2_2018_05_25_11_48_081577455434.jpg'),(98,123,'2019_10_24_15_23_34_21577455897.jpg'),(99,123,'2019_10_24_15_23_34_31577455897.jpg'),(100,124,'2019_09_19_14_11_58_31577456116.jpg'),(101,124,'2019_09_19_14_11_58_41577456116.jpg'),(102,126,'nghe_thuat_tinh_te_cua_viec_dech_quan_tam_1_2018_07_16_09_00_521577456511.jpg'),(103,132,'2019_09_19_15_04_09_21577457987.jpg'),(104,134,'10_van_cau_hoi_vi_sao_vat_ly_tai_ban_10_2019_03_06_10_02_231577458307.jpg');
/*!40000 ALTER TABLE `gallery` ENABLE KEYS */;
UNLOCK TABLES;

--
-- Table structure for table `hieusp`
--

DROP TABLE IF EXISTS `hieusp`;
/*!40101 SET @saved_cs_client     = @@character_set_client */;
/*!50503 SET character_set_client = utf8mb4 */;
CREATE TABLE `hieusp` (
  `id_hieusp` int(11) NOT NULL AUTO_INCREMENT,
  `tenhieusp` varchar(255) CHARACTER SET utf8mb4 COLLATE utf8mb4_vietnamese_ci NOT NULL,
  `tinhtrang` varchar(100) CHARACTER SET utf8mb4 COLLATE utf8mb4_vietnamese_ci NOT NULL,
  PRIMARY KEY (`id_hieusp`)
) ENGINE=InnoDB AUTO_INCREMENT=33 DEFAULT CHARSET=utf8;
/*!40101 SET character_set_client = @saved_cs_client */;

--
-- Dumping data for table `hieusp`
--

LOCK TABLES `hieusp` WRITE;
/*!40000 ALTER TABLE `hieusp` DISABLE KEYS */;
INSERT INTO `hieusp` VALUES (1,'Nhà Xuất Bản Kim Đồng','1'),(2,'Nhà Xuất Bản Trẻ','1'),(3,'Nhà Xuất Bản Văn Học','1'),(4,'Nhà xuất bản chính trị quốc gia','1'),(5,'Nhà xuất bản giáo dục','1'),(6,'Nhà xuất bản Hội Nhà văn','1'),(7,'Nhà xuất bản Tư pháp','1'),(8,'Nhà Xuất Bản Tổng Hợp','1'),(9,'Nhà Xuất Bản Nước Ngoài','1'),(10,'Nhà xuất bản giao thông vận tải','1'),(15,'NXB Đại Học Quốc Gia TP.HCM','1'),(16,'NXB Đại Học Quốc Gia Hà Nội','1'),(17,'NXB Hồng Đức','1'),(18,'NXB Đà Nẵng','1'),(19,'NXB Cambridge University','1'),(20,'NXB Hội Nhà Văn','1'),(21,'NXB Lao Động','1'),(22,'NXB Phương Đông','1'),(23,'NXB Thế Giới','1'),(24,'NTB Tổng Hợp TP HCM','1'),(25,'NSB Dân Trí','1'),(26,'NXB Thanh Niên','1'),(27,'NXB Cambridge University','1'),(28,'NXB Văn Học','1'),(29,'NXB Lao Động Xã Hội','1'),(30,'NXB Giáo Dục Việt Nam','1');
/*!40000 ALTER TABLE `hieusp` ENABLE KEYS */;
UNLOCK TABLES;

--
-- Table structure for table `loaisp`
--

DROP TABLE IF EXISTS `loaisp`;
/*!40101 SET @saved_cs_client     = @@character_set_client */;
/*!50503 SET character_set_client = utf8mb4 */;
CREATE TABLE `loaisp` (
  `id_loaisp` int(11) NOT NULL AUTO_INCREMENT,
  `tenloaisp` varchar(255) CHARACTER SET utf8mb4 COLLATE utf8mb4_vietnamese_ci NOT NULL,
  `tinhtrang` varchar(100) CHARACTER SET utf8mb4 COLLATE utf8mb4_vietnamese_ci NOT NULL,
  PRIMARY KEY (`id_loaisp`)
) ENGINE=InnoDB AUTO_INCREMENT=15 DEFAULT CHARSET=utf8;
/*!40101 SET character_set_client = @saved_cs_client */;

--
-- Dumping data for table `loaisp`
--

LOCK TABLES `loaisp` WRITE;
/*!40000 ALTER TABLE `loaisp` DISABLE KEYS */;
INSERT INTO `loaisp` VALUES (1,'English Books','1'),(2,'Sách văn học','1'),(3,'Sách kinh tế','1'),(4,'Sách thiếu nhi','1'),(5,'Sách kĩ năng sống','1'),(6,'Sách Bà mẹ-Em bé','1'),(7,'Sách Giáo Khoa-Giáo Trình','1'),(8,'Sách Học Ngoại Ngữ','1'),(9,'Sách Tham Khảo','1'),(10,'Từ Điển','1'),(11,'Sách Kiến Thức Tổng Hợp','1'),(12,'Sách Khoa Học-Kỹ Thuật','1'),(13,'Sách Lịch Sử','1');
/*!40000 ALTER TABLE `loaisp` ENABLE KEYS */;
UNLOCK TABLES;

--
-- Table structure for table `sanpham`
--

DROP TABLE IF EXISTS `sanpham`;
/*!40101 SET @saved_cs_client     = @@character_set_client */;
/*!50503 SET character_set_client = utf8mb4 */;
CREATE TABLE `sanpham` (
  `id_sp` int(11) NOT NULL AUTO_INCREMENT,
  `id_loaisp` int(11) NOT NULL,
  `id_hieusp` int(11) NOT NULL,
  `tensp` varchar(255) CHARACTER SET utf8mb4 COLLATE utf8mb4_vietnamese_ci NOT NULL,
  `masp` varchar(255) CHARACTER SET utf8mb4 COLLATE utf8mb4_vietnamese_ci NOT NULL,
  `soluong` int(11) NOT NULL,
  `hinhanh` varchar(100) CHARACTER SET utf8mb4 COLLATE utf8mb4_vietnamese_ci NOT NULL,
  `giadexuat` float NOT NULL,
  `giagiam` float NOT NULL,
  `tinhtrang` varchar(100) CHARACTER SET utf8mb4 COLLATE utf8mb4_vietnamese_ci NOT NULL,
  `noidung` longtext CHARACTER SET utf8mb4 COLLATE utf8mb4_vietnamese_ci,
  PRIMARY KEY (`id_sp`),
  KEY `id_hieusp` (`id_hieusp`),
  KEY `id_loaisp` (`id_loaisp`),
  CONSTRAINT `id_hieusp` FOREIGN KEY (`id_hieusp`) REFERENCES `hieusp` (`id_hieusp`),
  CONSTRAINT `id_loaisp` FOREIGN KEY (`id_loaisp`) REFERENCES `loaisp` (`id_loaisp`)
) ENGINE=InnoDB AUTO_INCREMENT=138 DEFAULT CHARSET=utf8;
/*!40101 SET character_set_client = @saved_cs_client */;

--
-- Dumping data for table `sanpham`
--

LOCK TABLES `sanpham` WRITE;
/*!40000 ALTER TABLE `sanpham` DISABLE KEYS */;
INSERT INTO `sanpham` VALUES (2,2,6,'Colorful','VH02',7,'colorfull_cover_1_3.jpg',80000,56000,'1','abc'),(3,2,2,'Mắt Biếc (Tái Bản 2019)','VH03',10,'60031f112d30ed96bde76d40b5b263dc.jpg',110000,77000,'1','abc'),(4,2,3,'Trứng Chim Cúc Cu Này Thuộc Về Ai?','VH04',10,'e5c5c2b99d5592aa83f3defe7b60809e.jpg',129000,64500,'1','abc'),(5,2,8,'12 Cách Yêu','VH05',10,'66fee0ddd8f7f99bc88d9aec5dc505dc.jpg',99000,57950,'1','abc'),(6,2,2,'Làm Bạn Với Bầu Trời','VH06',10,'92477ec9b6688060b2b5d2022a60d3e6.jpg',110000,75000,'1','abc'),(7,1,9,'The Book Thief - Kẻ Trộm Sách','EB01',10,'fd778ee0fd701b530384e6a1e7ef7591.jpg',345000,234600,'1','abc'),(8,1,9,'Egypt (Augmented Reality) - Sách 3D','EB02',10,'672dd81d5c91b994a8343f6a0bb4fb18.jpg',132000,198000,'1','abc'),(10,3,2,'P.Kotler Tiếp thị 4.0 - Dịch Chuyển Từ Truyền Thống Sang Công Nghệ Số','KT01',10,'7u5465d20171016t114605458655.jpg',64900,100000,'1','abc'),(11,5,4,'Khoảng Cách','KT02',10,'abc.jpg',89000,49000,'1','abc'),(90,10,5,'Từ điển bách khoa BRITANNICA (tập 1+2)','TĐ01',100,'8af43ef77f7f748ed6533e90404bc66a (1).jpg',3000000,2400000,'1','<p>S&aacute;ch Từ Điển</p>'),(91,8,5,'Tiếng Trung Quốc','NN01',200,'7012019120155_72621906_2411168575605024_3158456371804897280_n.jpg',13000,13000,'1','<p>Tiếng Trung Quốc</p>'),(92,8,2,'TIẾNG NHẬT SƠ CẤP 1: 25 BÀI ĐỌC HIỂU TRÌNH ĐỘ SƠ CẤP','NN01',100,'image_192205.jpg',44000,40000,'1','<h1 style=\"box-sizing: border-box; margin: 0px 0px 10px; padding: 0px; font-size: 26px; font-family: Roboto, sans-serif; line-height: 36px; color: #333333; text-transform: uppercase; overflow-wrap: break-word;\"><span style=\"font-family: sans-serif; font-size: 13px; font-weight: 400; text-align: justify; text-transform: none;\">S&aacute;ch nằm trong bộ&nbsp;</span><em style=\"box-sizing: border-box; margin: 0px; padding: 0px; font-family: sans-serif; font-size: 13px; font-weight: 400; text-align: justify; text-transform: none;\">Minna no Nihongo - Tiếng Nhật d&agrave;nh cho mọi người - Bản mới</em><span style=\"font-family: sans-serif; font-size: 13px; font-weight: 400; text-align: justify; text-transform: none;\">. L&agrave; s&aacute;ch bổ trợ gi&uacute;p người học n&acirc;ng cao kỹ năng đọc hiểu th&ocirc;ng qua nhiều chủ đề kh&aacute;c nhau</span></h1>\r\n<div id=\"gtx-trans\" style=\"position: absolute; left: -122px; top: -18px;\">&nbsp;</div>'),(93,8,15,'500 CHỮ KANJI CƠ BẢN VOL.2','NN03',300,'practicalkanji-1-2-02-_1_.jpg',240000,198000,'1','<p style=\"box-sizing: border-box; margin: 0px 0px 10px; padding: 0px; color: #333333; font-family: sans-serif; font-size: 13px; text-align: justify;\">Trong qu&aacute; tr&igrave;nh học tiếng Nhật, việc học từ vựng Kanji v&agrave; chữ Kanji rất quan trọng. Tuy nhi&ecirc;n, người học thường gặp những kh&oacute; khăn v&igrave; số lượng chữ Kanji nhiều, c&aacute;ch đọc &acirc;m on, &acirc;m kun phức tạp. Nhằm giải quyết được những kh&oacute; khăn đ&oacute;, Hiệp hội giảng dạy tiếng Nhật (AJALT) đ&atilde; nghi&ecirc;n cứu v&agrave; cho ra đời phương ph&aacute;p học chữ Kanji hiệu quả th&ocirc;ng qua bộ s&aacute;ch 500 chữ Kanji cơ bản.</p>\r\n<p style=\"box-sizing: border-box; margin: 0px 0px 10px; padding: 0px; color: #333333; font-family: sans-serif; font-size: 13px; text-align: justify;\">Bộ s&aacute;ch 500 chữ Kanji cơ bản được bi&ecirc;n soạn cho những người học tiếng Nhật tương ứng với cấp độ N4, N5 của kỳ thi năng lực Nhật ngữ. Đ&acirc;y l&agrave; lựa chọn tối ưu cho những ai đang phải vất vả t&igrave;m c&aacute;ch nhớ chữ Kanji v&agrave; muốn học chữ Kanji theo ngữ cảnh thay v&igrave; học từng chữ ri&ecirc;ng biệt. Khi học theo tr&igrave;nh tự từ quyển 1 đến quyển 2, người học sẽ được trang bị khả năng vận dụng một c&aacute;ch tổng hợp kiến thức về chữ Kanji để kh&ocirc;ng chỉ n&acirc;ng cao kỹ năng đọc hiểu s&aacute;ch b&aacute;o tiếng Nhật, m&agrave; c&ograve;n nhiều kỹ năng kh&aacute;c nữa.</p>\r\n<p style=\"box-sizing: border-box; margin: 0px 0px 10px; padding: 0px; color: #333333; font-family: sans-serif; font-size: 13px; text-align: justify;\"><strong style=\"box-sizing: border-box; margin: 0px; padding: 0px; font-family: Arial, Helvetica, sans-serif;\">Practical Kanji Vol.2 &ndash; 500 chữ Kanji cơ bản Vol.2</strong>&nbsp;l&agrave; quyển s&aacute;ch thứ hai trong bộ gi&aacute;o tr&igrave;nh 500 Chữ Kanji cơ bản. Hướng dẫn cho người mới học 250 chữ Kanji (hay c&ograve;n gọi l&agrave; H&aacute;n tự ) tiếp theo, sau khi bạn đ&atilde; luyện tập 250 chữ Kanji đầu ti&ecirc;n ở tập trước. Cuốn s&aacute;ch do Hiệp hội giảng dạy tiếng Nhật AJALT bi&ecirc;n soạn, được thực hiện bởi First News, Nh&agrave; xuất bản Đại học Quốc gia TP.HCM ấn h&agrave;nh.</p>\r\n<p style=\"box-sizing: border-box; margin: 0px 0px 10px; padding: 0px; color: #333333; font-family: sans-serif; font-size: 13px; text-align: justify;\">Tuyển tập t&agrave;i liệu giảng dạy chữ Kanji n&agrave;y cung cấp:</p>\r\n<p style=\"box-sizing: border-box; margin: 0px 0px 10px; padding: 0px; color: #333333; font-family: sans-serif; font-size: 13px; text-align: justify;\">&bull; Cho người học tiếng Nhật tương ứng với cấp độ 4, 5 Kỳ thi năng lực Nhật ngữ (N4, N5 / JLPT).</p>\r\n<p style=\"box-sizing: border-box; margin: 0px 0px 10px; padding: 0px; color: #333333; font-family: sans-serif; font-size: 13px; text-align: justify;\">&bull; Ở phần nghe, s&aacute;ch gi&uacute;p người học dễ d&agrave;ng ghi nhớ bằng c&aacute;ch li&ecirc;n kết phần &acirc;m thanh, phần h&igrave;nh v&agrave; phần nghĩa của chữ Kanji.</p>\r\n<p style=\"box-sizing: border-box; margin: 0px 0px 10px; padding: 0px; color: #333333; font-family: sans-serif; font-size: 13px; text-align: justify;\">&bull; Quyển s&aacute;ch bao gồm 22 b&agrave;i. Mỗi b&agrave;i gồm 9 - 12 chữ H&aacute;n mới v&agrave; nội dung được tr&igrave;nh b&agrave;y theo cấu tr&uacute;c rất r&otilde; r&agrave;ng</p>\r\n<p style=\"box-sizing: border-box; margin: 0px 0px 10px; padding: 0px; color: #333333; font-family: sans-serif; font-size: 13px; text-align: justify;\">&bull; Giới thiệu từ vựng v&agrave; c&aacute;ch đọc &acirc;m on, &acirc;m kun của chữ Kanji c&oacute; tần suất sử dụng cao.</p>\r\n<p style=\"box-sizing: border-box; margin: 0px 0px 10px; padding: 0px; color: #333333; font-family: sans-serif; font-size: 13px; text-align: justify;\">&bull; Giới thiệu chữ Kanji trong những t&igrave;nh huống v&agrave; ngữ cảnh thực tế.</p>\r\n<p style=\"box-sizing: border-box; margin: 0px 0px 10px; padding: 0px; color: #333333; font-family: sans-serif; font-size: 13px; text-align: justify;\">&bull; C&aacute;c chữ Kanji đ&atilde; học sẽ xuất hiện nhiều lần trong phần luyện tập của mỗi b&agrave;i v&agrave; phần B&agrave;i tập tổng hợp để học vi&ecirc;n c&oacute; thể luyện c&aacute;ch đọc v&agrave; viết c&aacute;c từ vựng.</p>\r\n<p style=\"box-sizing: border-box; margin: 0px 0px 10px; padding: 0px; color: #333333; font-family: sans-serif; font-size: 13px; text-align: justify;\">&bull; Mỗi chữ Kanji c&oacute; một số thứ tự duy nhất v&agrave; c&oacute; cả bảng Index chữ Kanji ở phần sau s&aacute;ch. V&igrave; vậy nếu c&oacute; qu&ecirc;n th&igrave; học vi&ecirc;n vẫn c&oacute; thể dễ d&agrave;ng t&igrave;m lại để &ocirc;n tập.</p>\r\n<p style=\"box-sizing: border-box; margin: 0px 0px 10px; padding: 0px; color: #333333; font-family: sans-serif; font-size: 13px; text-align: justify;\">&bull; C&oacute; k&egrave;m phần dịch tiếng Anh - tiếng Việt cho chữ Kanji v&agrave; phần từ vựng.</p>\r\n<p style=\"box-sizing: border-box; margin: 0px 0px 10px; padding: 0px; color: #333333; font-family: sans-serif; font-size: 13px; text-align: justify;\">&bull; Gi&uacute;p người học dễ d&agrave;ng ghi nhớ chữ Kanji bằng c&aacute;ch d&ugrave;ng thanh mica đỏ che c&aacute;ch đọc v&agrave; nghĩa tiếng Việt của chữ Kanji đ&atilde; học.</p>\r\n<p style=\"box-sizing: border-box; margin: 0px 0px 10px; padding: 0px; color: #333333; font-family: sans-serif; font-size: 13px; text-align: justify;\">&bull; Học vi&ecirc;n c&oacute; thể thực h&agrave;nh viết chữ Kanji th&ocirc;ng qua Bảng luyện tập chữ Kanji k&egrave;m theo s&aacute;ch hoặc tải từ CD &ndash; ROM.</p>\r\n<p style=\"box-sizing: border-box; margin: 0px 0px 10px; padding: 0px; color: #333333; font-family: sans-serif; font-size: 13px; text-align: justify;\">&bull; Cung cấp c&aacute;c b&agrave;i luyện tập k&egrave;m theo phần nghe ở đĩa CD v&agrave; file MP3; c&oacute; thể tải miễn ph&iacute; tại website: firstnews.com.vn</p>\r\n<p style=\"box-sizing: border-box; margin: 0px 0px 10px; padding: 0px; color: #333333; font-family: sans-serif; font-size: 13px; text-align: justify;\">&bull; C&oacute; những trang tr&igrave;nh b&agrave;y kiến thức nền, gi&uacute;p &iacute;ch cho việc ghi nhớ &acirc;m thanh v&agrave; h&igrave;nh dạng chữ Kanji.</p>\r\n<p style=\"box-sizing: border-box; margin: 0px 0px 10px; padding: 0px; color: #333333; font-family: sans-serif; font-size: 13px; text-align: justify;\">500 chữ Kanji cơ bản l&agrave; lựa chọn tốt nhất gi&uacute;p học vi&ecirc;n r&egrave;n luyện tất cả bốn kỹ năng cần thiết khi học ngoại ngữ. Ch&uacute;ng t&ocirc;i hy vọng rằng, phương ph&aacute;p luyện tập chữ Kanji n&agrave;y sẽ gi&uacute;p c&aacute;c bạn th&iacute;ch th&uacute; với việc học chữ Kanji v&agrave; đạt được kết quả tốt trong việc học tiếng Nhật</p>'),(94,10,16,'TỰ HỌC 2000 TỪ VỰNG TIẾNG ANH THEO CHỦ ĐỀ (TÁI BẢN)','TĐ02',20,'24df17f9bab58ba053c6c08c3af2f470_1.jpg',67000,35000,'1','<p style=\"box-sizing: border-box; margin: 0px 0px 10px; padding: 0px; color: #333333; font-family: sans-serif; font-size: 13px; text-align: justify;\">Nh&agrave; ng&ocirc;n ngữ học nổi tiếng D.A.Wilkins đ&atilde; n&oacute;i rằng &ldquo;Without grammar, very little can be conveyed; without vocabulary, nothing can be conveyed.&rdquo; (Kh&ocirc;ng c&oacute; ngữ ph&aacute;p, rất &iacute;t th&ocirc;ng tin c&oacute; thể được truyền đạt; Kh&ocirc;ng c&oacute; từ vựng, kh&ocirc;ng một th&ocirc;ng tin n&agrave;o c&oacute; thể được truyền đạt cả). V&igrave; thế, trong việc học một ngoại ngữ, th&igrave; từ vựng c&oacute; thể xem như c&aacute;c tế b&agrave;o nhỏ h&igrave;nh th&agrave;nh n&ecirc;n khả năng sử dụng ngoại ngữ của người học.</p>\r\n<p style=\"box-sizing: border-box; margin: 0px 0px 10px; padding: 0px; color: #333333; font-family: sans-serif; font-size: 13px; text-align: justify;\">C&aacute;c bạn đang băn khoăn chưa biết n&ecirc;n học từ vựng như thế n&agrave;o để c&oacute; thể ghi nhớ được nhiều từ v&agrave; l&acirc;u nhất. Dưới đ&acirc;y l&agrave; những phương ph&aacute;p học m&agrave; c&aacute;c bạn c&oacute; thể &aacute;p dụng để học từ vựng hiệu quả nhất.</p>\r\n<p style=\"box-sizing: border-box; margin: 0px 0px 10px; padding: 0px; color: #333333; font-family: sans-serif; font-size: 13px; text-align: justify;\">1. Học từ vựng theo chủ đề<br style=\"box-sizing: border-box; margin: 0px; padding: 0px;\" />Thay v&igrave; học ri&ecirc;ng lẻ từng từ rời rạc, nếu c&aacute;c bạn biết nh&oacute;m ch&uacute;ng v&agrave;o c&ugrave;ng một chủ đề th&igrave; đảm bảo việc học thuộc sẽ trở n&ecirc;n đơn giản hơn rất nhiều lu&ocirc;n. C&oacute; vốn từ vựng theo chủ đề, khi l&agrave;m b&agrave;i thi n&oacute;i hoặc viết theo một chủ đề n&agrave;o đ&oacute; bạn sẽ ph&aacute;t huy được tối đa vốn từ vựng. Khiến b&agrave;i n&oacute;i v&agrave; b&agrave;i viết của bạn tr&ocirc;i chảy v&agrave; nhiều &yacute; tưởng. V&igrave; vậy, việc học từ theo chủ đề cũng giống như một mũi t&ecirc;n tr&uacute;ng hai đ&iacute;ch vậy, vừa gi&uacute;p ch&uacute;ng ta biết th&ecirc;m nhiều từ mới, vừa c&oacute; nhiều từ vựng v&agrave; &yacute; hay để triển khai cho b&agrave;i thi được tốt hơn.</p>\r\n<p style=\"box-sizing: border-box; margin: 0px 0px 10px; padding: 0px; color: #333333; font-family: sans-serif; font-size: 13px; text-align: justify;\">2. Sử dụng h&igrave;nh ảnh, &acirc;m thanh hay c&acirc;u chuyện để ghi nhớ từ vựng nhanh<br style=\"box-sizing: border-box; margin: 0px; padding: 0px;\" />Thực tế cho thấy, c&aacute;ch m&agrave; nhiều người thường hay học từ vựng đ&oacute; l&agrave; viết từ vựng đ&oacute; k&egrave;m nghĩa ra giấy thật nhiều lần để ghi nhớ. Tuy nhi&ecirc;n, c&aacute;ch n&agrave;y c&oacute; thể hiệu quả tức thời nhưng về l&acirc;u về d&agrave;i, nếu kh&ocirc;ng sử dụng lại th&igrave; chắc chắn ta sẽ qu&ecirc;n từ. Ngược lại, nếu sử dụng những h&igrave;nh ảnh, &acirc;m thanh hay c&acirc;u chuyện ấn tượng th&igrave; c&oacute; thể khiến n&atilde;o bộ ch&uacute;ng ta nhớ rất m&atilde;i. C&aacute;ch thức học n&agrave;y cũng v&ocirc; c&ugrave;ng đơn giản, khi ch&uacute;ng ta học một từ mới, h&atilde;y cố gắng tự nghĩ &yacute; tưởng v&agrave; minh họa cho n&oacute; bằng h&igrave;nh ảnh ngộ nghĩnh, khi học một nh&oacute;m từ vựng theo chủ đề, h&atilde;y cố gắng sắp xếp ch&uacute;ng v&agrave;o th&agrave;nh một đoạn văn, kể về một c&acirc;u chuyện th&uacute; vị.</p>\r\n<p style=\"box-sizing: border-box; margin: 0px 0px 10px; padding: 0px; color: #333333; font-family: sans-serif; font-size: 13px; text-align: justify;\">3. Học từ vựng qua b&agrave;i h&aacute;t, phim ảnh</p>\r\n<p style=\"box-sizing: border-box; margin: 0px 0px 10px; padding: 0px; color: #333333; font-family: sans-serif; font-size: 13px; text-align: justify;\">Nhiều l&uacute;c do t&acirc;m l&yacute; nghĩ học tập l&agrave; một g&aacute;nh nặng, bắt buộc phải học m&agrave; khiến ch&uacute;ng ta mất đi niềm vui trong việc tiếp nhận tri thức. Nếu c&aacute;c bạn c&oacute; thể giải tỏa t&acirc;m l&yacute; đ&oacute; bằng việc nghe nhạc hay xem phim th&igrave; sẽ khiến từ mới &ldquo;v&agrave;o đầu&rdquo; dễ d&agrave;ng hơn m&agrave; kh&ocirc;ng khiến ta ch&aacute;n nản khi học. C&aacute;c bạn n&ecirc;n học từ vựng bằng những phim từ mức độ thấp đến cao. Rất nhiều bộ phim hay để học tiếng Anh như: Extra English, Friends, How I met your mother?...</p>\r\n<p style=\"box-sizing: border-box; margin: 0px 0px 10px; padding: 0px; color: #333333; font-family: sans-serif; font-size: 13px; text-align: justify;\">4. Lu&ocirc;n c&oacute; một cuốn sổ tay ghi từ mới<br style=\"box-sizing: border-box; margin: 0px; padding: 0px;\" />Cuốn sổ n&agrave;y sẽ cực k&igrave; hữu &iacute;ch cho bạn trong việc học mọi l&uacute;c mọi nơi. Mỗi ng&agrave;y bạn hay ghi v&agrave;o quyển sổ đ&oacute; những từ mới học được bao gồm nghĩa, họ từ v&agrave; ng&agrave;y n&agrave;o cũng mở ra đọc v&agrave; học lại như vậy từ vựng đ&oacute; sẽ kh&ocirc;ng bao giờ c&oacute; thể qu&ecirc;n được.</p>\r\n<p style=\"box-sizing: border-box; margin: 0px 0px 10px; padding: 0px; color: #333333; font-family: sans-serif; font-size: 13px; text-align: justify;\">5. Tập sử dụng c&aacute;c từ mới v&agrave; &ocirc;n tập thường xuy&ecirc;n<br style=\"box-sizing: border-box; margin: 0px; padding: 0px;\" />Sau khi học c&aacute;c từ mới, bạn n&ecirc;n tập sử dụng ch&uacute;ng h&agrave;ng</p>'),(95,4,17,'MIỀN ĐẤT HỨA - THE PROMISED NEVERLAND - TẬP 4 ','TN01',500,'neverland4_biaao_den_bia1_2.jpg',88000,88000,'1','<p style=\"box-sizing: border-box; margin: 0px 0px 10px; padding: 0px; color: #333333; font-family: sans-serif; font-size: 13px; text-align: justify;\">Norman được tin m&igrave;nh sắp bị xuất đi. Thời gian c&ograve;n lại v&ocirc; c&ugrave;ng &iacute;t ỏi.&nbsp;</p>\r\n<p style=\"box-sizing: border-box; margin: 0px 0px 10px; padding: 0px; color: #333333; font-family: sans-serif; font-size: 13px; text-align: justify;\">Emma v&agrave; Ray c&ugrave;ng Norman b&agrave;n kế hoạch đối ph&oacute; nhằm giải cứu bạn khỏi &acirc;m mưu chết người của mama Isabella.&nbsp;</p>\r\n<p style=\"box-sizing: border-box; margin: 0px 0px 10px; padding: 0px; color: #333333; font-family: sans-serif; font-size: 13px; text-align: justify;\">Giải ph&aacute;p m&agrave; cả ba đưa ra l&agrave; g&igrave;!?</p>\r\n<p style=\"box-sizing: border-box; margin: 0px 0px 10px; padding: 0px; color: #333333; font-family: sans-serif; font-size: 13px; text-align: justify;\">Hỡi những đứa trẻ kh&ocirc;ng c&oacute; tương lai, h&atilde;y đứng l&ecirc;n đối đầu với tuyệt vọng! Cuộc vượt ngục cam go vẫn tiếp tục!!&nbsp;</p>'),(96,4,2,'JIN - TẬP 9','TN02',26,'8934974166047.jpg',34000,29000,'1','<p><span style=\"color: #333333; font-family: sans-serif; font-size: 13px; text-align: justify;\">Minakata Jin, b&aacute;c sĩ khoa Ngoại Thần kinh thời hiện đại, trong l&uacute;c đang l&agrave;m phẫu thuật cấp cứu cho bệnh nh&acirc;n bị thương ở đầu, đ&atilde; ph&aacute;t hiện ra một khối u n&atilde;o c&oacute; h&igrave;nh dạng b&agrave;o thai v&agrave; đ&atilde; lấy n&oacute; ra. Sau khi phẫu thuật, Jin nghe một giọng n&oacute;i kỳ lạ th&igrave; thầm với anh: &ldquo;Trả t&ocirc;i về chỗ cũ đi&rdquo;. Th&ecirc;m v&agrave;o đ&oacute;, bệnh nh&acirc;n được anh phẫu thuật c&oacute; &yacute; định bỏ chạy. Trong l&uacute;c giằng co với bệnh nh&acirc;n đ&oacute;, Jin bị cuốn về cuối thời kỳ Mạc phủ. L&agrave; một b&aacute;c sĩ thời hiện đại c&ugrave;ng với dụng cụ y khoa hiện đại, liệu y thuật của Jin c&oacute; được chấp nhận ở cuối thời kỳ Mạc phủ hay kh&ocirc;ng?</span></p>'),(97,4,2,'JIN - TẬP 1','TN03',23,'image_185475.jpg',26000,26000,'1','<p><span style=\"color: #333333; font-family: sans-serif; font-size: 13px; text-align: justify;\">Minakata Jin, b&aacute;c sĩ khoa Ngoại Thần kinh thời hiện đại, trong l&uacute;c đang l&agrave;m phẫu thuật cấp cứu cho bệnh nh&acirc;n bị thương ở đầu, đ&atilde; ph&aacute;t hiện ra một khối u n&atilde;o c&oacute; h&igrave;nh dạng b&agrave;o thai v&agrave; đ&atilde; lấy n&oacute; ra. Sau khi phẫu thuật, Jin nghe một giọng n&oacute;i kỳ lạ th&igrave; thầm với anh: &ldquo;Trả t&ocirc;i về chỗ cũ đi&rdquo;. Th&ecirc;m v&agrave;o đ&oacute;, bệnh nh&acirc;n được anh phẫu thuật c&oacute; &yacute; định bỏ chạy. Trong l&uacute;c giằng co với bệnh nh&acirc;n đ&oacute;, Jin bị cuốn về cuối thời kỳ Mạc phủ. L&agrave; một b&aacute;c sĩ thời hiện đại c&ugrave;ng với dụng cụ y khoa hiện đại, liệu y thuật của Jin c&oacute; được chấp nhận ở cuối thời kỳ Mạc phủ hay kh&ocirc;ng?</span></p>'),(98,4,2,'JIN - TẬP 2','TN04',50,'db240687d8443d1a6455.jpg',34000,30000,'1','<p><span style=\"color: #333333; font-family: sans-serif; font-size: 13px; text-align: justify;\">Minakata Jin, b&aacute;c sĩ khoa Ngoại Thần kinh thời hiện đại, trong l&uacute;c đang l&agrave;m phẫu thuật cấp cứu cho bệnh nh&acirc;n bị thương ở đầu, đ&atilde; ph&aacute;t hiện ra một khối u n&atilde;o c&oacute; h&igrave;nh dạng b&agrave;o thai v&agrave; đ&atilde; lấy n&oacute; ra. Sau khi phẫu thuật, Jin nghe một giọng n&oacute;i kỳ lạ th&igrave; thầm với anh: &ldquo;Trả t&ocirc;i về chỗ cũ đi&rdquo;. Th&ecirc;m v&agrave;o đ&oacute;, bệnh nh&acirc;n được anh phẫu thuật c&oacute; &yacute; định bỏ chạy. Trong l&uacute;c giằng co với bệnh nh&acirc;n đ&oacute;, Jin bị cuốn về cuối thời kỳ Mạc phủ. L&agrave; một b&aacute;c sĩ thời hiện đại c&ugrave;ng với dụng cụ y khoa hiện đại, liệu y thuật của Jin c&oacute; được chấp nhận ở cuối thời kỳ Mạc phủ hay kh&ocirc;ng?</span></p>'),(99,4,2,'JIN - TẬP 3','TN05',100,'nxbtre_full_07232019_032333.jpg',36000,33000,'1','<p><span style=\"color: #333333; font-family: sans-serif; font-size: 13px; text-align: justify;\">Minakata Jin, b&aacute;c sĩ khoa Ngoại Thần kinh thời hiện đại, trong l&uacute;c đang l&agrave;m phẫu thuật cấp cứu cho bệnh nh&acirc;n bị thương ở đầu, đ&atilde; ph&aacute;t hiện ra một khối u n&atilde;o c&oacute; h&igrave;nh dạng b&agrave;o thai v&agrave; đ&atilde; lấy n&oacute; ra. Sau khi phẫu thuật, Jin nghe một giọng n&oacute;i kỳ lạ th&igrave; thầm với anh: &ldquo;Trả t&ocirc;i về chỗ cũ đi&rdquo;. Th&ecirc;m v&agrave;o đ&oacute;, bệnh nh&acirc;n được anh phẫu thuật c&oacute; &yacute; định bỏ chạy. Trong l&uacute;c giằng co với bệnh nh&acirc;n đ&oacute;, Jin bị cuốn về cuối thời kỳ Mạc phủ. L&agrave; một b&aacute;c sĩ thời hiện đại c&ugrave;ng với dụng cụ y khoa hiện đại, liệu y thuật của Jin c&oacute; được chấp nhận ở cuối thời kỳ Mạc phủ hay kh&ocirc;ng?</span></p>'),(100,4,2,'JIN - TẬP 4','TN06',33,'nxbtre_full_10072019_020759.jpg',32000,31000,'1','<p><span style=\"color: #333333; font-family: sans-serif; font-size: 13px; text-align: justify;\">Minakata Jin, b&aacute;c sĩ khoa Ngoại Thần kinh thời hiện đại, trong l&uacute;c đang l&agrave;m phẫu thuật cấp cứu cho bệnh nh&acirc;n bị thương ở đầu, đ&atilde; ph&aacute;t hiện ra một khối u n&atilde;o c&oacute; h&igrave;nh dạng b&agrave;o thai v&agrave; đ&atilde; lấy n&oacute; ra. Sau khi phẫu thuật, Jin nghe một giọng n&oacute;i kỳ lạ th&igrave; thầm với anh: &ldquo;Trả t&ocirc;i về chỗ cũ đi&rdquo;. Th&ecirc;m v&agrave;o đ&oacute;, bệnh nh&acirc;n được anh phẫu thuật c&oacute; &yacute; định bỏ chạy. Trong l&uacute;c giằng co với bệnh nh&acirc;n đ&oacute;, Jin bị cuốn về cuối thời kỳ Mạc phủ. L&agrave; một b&aacute;c sĩ thời hiện đại c&ugrave;ng với dụng cụ y khoa hiện đại, liệu y thuật của Jin c&oacute; được chấp nhận ở cuối thời kỳ Mạc phủ hay kh&ocirc;ng?</span></p>'),(101,4,2,'JIN - TẬP 5','TN07',200,'jin_5.jpg',37000,31000,'1','<p><span style=\"color: #333333; font-family: sans-serif; font-size: 13px; text-align: justify;\">Minakata Jin, b&aacute;c sĩ khoa Ngoại Thần kinh thời hiện đại, trong l&uacute;c đang l&agrave;m phẫu thuật cấp cứu cho bệnh nh&acirc;n bị thương ở đầu, đ&atilde; ph&aacute;t hiện ra một khối u n&atilde;o c&oacute; h&igrave;nh dạng b&agrave;o thai v&agrave; đ&atilde; lấy n&oacute; ra. Sau khi phẫu thuật, Jin nghe một giọng n&oacute;i kỳ lạ th&igrave; thầm với anh: &ldquo;Trả t&ocirc;i về chỗ cũ đi&rdquo;. Th&ecirc;m v&agrave;o đ&oacute;, bệnh nh&acirc;n được anh phẫu thuật c&oacute; &yacute; định bỏ chạy. Trong l&uacute;c giằng co với bệnh nh&acirc;n đ&oacute;, Jin bị cuốn về cuối thời kỳ Mạc phủ. L&agrave; một b&aacute;c sĩ thời hiện đại c&ugrave;ng với dụng cụ y khoa hiện đại, liệu y thuật của Jin c&oacute; được chấp nhận ở cuối thời kỳ Mạc phủ hay kh&ocirc;ng?</span></p>'),(102,4,2,'JIN - TẬP 6','TN08',200,'nxbtre_full_09352019_043520.jpg',38000,34000,'1','<p><span style=\"color: #333333; font-family: sans-serif; font-size: 13px; text-align: justify;\">Minakata Jin, b&aacute;c sĩ khoa Ngoại Thần kinh thời hiện đại, trong l&uacute;c đang l&agrave;m phẫu thuật cấp cứu cho bệnh nh&acirc;n bị thương ở đầu, đ&atilde; ph&aacute;t hiện ra một khối u n&atilde;o c&oacute; h&igrave;nh dạng b&agrave;o thai v&agrave; đ&atilde; lấy n&oacute; ra. Sau khi phẫu thuật, Jin nghe một giọng n&oacute;i kỳ lạ th&igrave; thầm với anh: &ldquo;Trả t&ocirc;i về chỗ cũ đi&rdquo;. Th&ecirc;m v&agrave;o đ&oacute;, bệnh nh&acirc;n được anh phẫu thuật c&oacute; &yacute; định bỏ chạy. Trong l&uacute;c giằng co với bệnh nh&acirc;n đ&oacute;, Jin bị cuốn về cuối thời kỳ Mạc phủ. L&agrave; một b&aacute;c sĩ thời hiện đại c&ugrave;ng với dụng cụ y khoa hiện đại, liệu y thuật của Jin c&oacute; được chấp nhận ở cuối thời kỳ Mạc phủ hay kh&ocirc;ng?</span></p>'),(103,4,2,'JIN - TẬP 7','TN09',300,'nxbtre_full_07072019_030706_1.jpg',35000,28000,'1','<p><span style=\"color: #333333; font-family: sans-serif; font-size: 13px; text-align: justify;\">Minakata Jin, b&aacute;c sĩ khoa Ngoại Thần kinh thời hiện đại, trong l&uacute;c đang l&agrave;m phẫu thuật cấp cứu cho bệnh nh&acirc;n bị thương ở đầu, đ&atilde; ph&aacute;t hiện ra một khối u n&atilde;o c&oacute; h&igrave;nh dạng b&agrave;o thai v&agrave; đ&atilde; lấy n&oacute; ra. Sau khi phẫu thuật, Jin nghe một giọng n&oacute;i kỳ lạ th&igrave; thầm với anh: &ldquo;Trả t&ocirc;i về chỗ cũ đi&rdquo;. Th&ecirc;m v&agrave;o đ&oacute;, bệnh nh&acirc;n được anh phẫu thuật c&oacute; &yacute; định bỏ chạy. Trong l&uacute;c giằng co với bệnh nh&acirc;n đ&oacute;, Jin bị cuốn về cuối thời kỳ Mạc phủ. L&agrave; một b&aacute;c sĩ thời hiện đại c&ugrave;ng với dụng cụ y khoa hiện đại, liệu y thuật của Jin c&oacute; được chấp nhận ở cuối thời kỳ Mạc phủ hay kh&ocirc;ng?</span></p>'),(104,4,2,'JIN - TẬP 8','TN10',250,'nxbtre_full_29572019_0857556.jpg',35000,28000,'1','<p><span style=\"color: #333333; font-family: sans-serif; font-size: 13px; text-align: justify;\">Minakata Jin, b&aacute;c sĩ khoa Ngoại Thần kinh thời hiện đại, trong l&uacute;c đang l&agrave;m phẫu thuật cấp cứu cho bệnh nh&acirc;n bị thương ở đầu, đ&atilde; ph&aacute;t hiện ra một khối u n&atilde;o c&oacute; h&igrave;nh dạng b&agrave;o thai v&agrave; đ&atilde; lấy n&oacute; ra. Sau khi phẫu thuật, Jin nghe một giọng n&oacute;i kỳ lạ th&igrave; thầm với anh: &ldquo;Trả t&ocirc;i về chỗ cũ đi&rdquo;. Th&ecirc;m v&agrave;o đ&oacute;, bệnh nh&acirc;n được anh phẫu thuật c&oacute; &yacute; định bỏ chạy. Trong l&uacute;c giằng co với bệnh nh&acirc;n đ&oacute;, Jin bị cuốn về cuối thời kỳ Mạc phủ. L&agrave; một b&aacute;c sĩ thời hiện đại c&ugrave;ng với dụng cụ y khoa hiện đại, liệu y thuật của Jin c&oacute; được chấp nhận ở cuối thời kỳ Mạc phủ hay kh&ocirc;ng?</span></p>'),(105,1,18,'MASTERING READING SKILL','EB04',220,'image_178915.jpg',380000,178000,'1','<p style=\"box-sizing: border-box; margin: 0px 0px 10px; padding: 0px; color: #333333; font-family: sans-serif; font-size: 13px; text-align: justify;\">Bộ s&aacute;ch Mastering Reading Skills gi&uacute;p người học cải thiện khả năng tiếng Anh, đặc biệt l&agrave; kỹ năng đọc/nghe. Người học sẽ được biết đến nhiều kiến thức hữu &iacute;ch thuộc nhiều chủ đề học thuật, đồng thời c&oacute; được sự chuẩn bị đối với c&aacute;c k&igrave; thi mang t&iacute;nh chuẩn h&oacute;a. Chẳng hạn, nhiều c&acirc;u hỏi trong c&aacute;c b&agrave;i nghe c&oacute; t&iacute;nh chất tương tự như c&acirc;u hỏi trong đề thi TOEFL iBT v&agrave; IELLTS. Do đ&oacute;, bằng c&aacute;ch sử dụng quyển s&aacute;ch n&agrave;y, người học sẽ c&oacute; khả năng đạt được điểm số cao hơn ở c&aacute;c b&agrave;i thi trong tương lai.</p>\r\n<p style=\"box-sizing: border-box; margin: 0px 0px 10px; padding: 0px; color: #333333; font-family: sans-serif; font-size: 13px; text-align: justify;\">S&aacute;ch gồm 20 b&agrave;i đọc/nghe thuộc nhiều dạng chủ đề học thuật;</p>\r\n<p style=\"box-sizing: border-box; margin: 0px 0px 10px; padding: 0px; color: #333333; font-family: sans-serif; font-size: 13px; text-align: justify;\">C&aacute;c c&acirc;u hỏi đọc/nghe hiểu v&agrave; c&acirc;u hỏi &ocirc;n tập từ vựng Cho ph&eacute;p người học tự kiểm tra khả năng;</p>\r\n<p style=\"box-sizing: border-box; margin: 0px 0px 10px; padding: 0px; color: #333333; font-family: sans-serif; font-size: 13px; text-align: justify;\">Hướng dẫn người nghe c&aacute;c kỹ năng quan trọng để cải thiện khả năng đọc/nghe;</p>\r\n<p style=\"box-sizing: border-box; margin: 0px 0px 10px; padding: 0px; color: #333333; font-family: sans-serif; font-size: 13px; text-align: justify;\">Đưa ra định nghĩa v&agrave; c&acirc;u v&iacute; dụ cho những từ vựng kh&oacute;;</p>\r\n<p style=\"box-sizing: border-box; margin: 0px 0px 10px; padding: 0px; color: #333333; font-family: sans-serif; font-size: 13px; text-align: justify;\">Gồm c&aacute;c c&acirc;u hỏi, b&agrave;i tập từ vựng v&agrave; b&agrave;i tập kỹ năng đọc/nghe bổ sung.</p>'),(106,1,19,'CAMBRIDGE IELTS 12 ACADEMIC WITH ANSWERS (SAVINA)','EB05',200,'sav-17d-cambridge-ielts-12-academic-f7cc6d62-81eb-4b8f-ba91-32075d68061b.jpg',15000,12000,'1','<p style=\"box-sizing: border-box; margin: 0px 0px 10px; padding: 0px; color: #333333; font-family: sans-serif; font-size: 13px; text-align: justify;\">Cambridge IELTS 12 bao gồm 4 b&agrave;i kiểm tra thi IELTS đ&iacute;ch thực với đầy đủ c&aacute;c kỹ năng Nghe &ndash; N&oacute;i &ndash; Đọc &ndash; Viết từ kỳ thi Cambridge English Language Assessment. B&ecirc;n cạnh đ&oacute;, Cambridge IELTS 12 sẽ giới thiệu những thay đổi Mo-đun đề thi IELTS năm 2017 so với những năm trước.</p>\r\n<p style=\"box-sizing: border-box; margin: 0px 0px 10px; padding: 0px; color: #333333; font-family: sans-serif; font-size: 13px; text-align: justify;\">Sau khi l&agrave;m b&agrave;i test bạn sẽ kiểm tra được tr&igrave;nh độ IELTS của bản th&acirc;n ở thời điểm hiện tại v&agrave; x&aacute;c định được mục ti&ecirc;u cụ thể trong tương lai cũng như nắm bắt được c&aacute;c thay đổi mới trong đề thi IELTS.</p>\r\n<p style=\"box-sizing: border-box; margin: 0px 0px 10px; padding: 0px; color: #333333; font-family: sans-serif; font-size: 13px; text-align: justify;\">Phi&ecirc;n bản Academic d&agrave;nh cho những ai muốn học ở bậc đại học hoặc c&aacute;c học viện, c&aacute;c h&igrave;nh thức đ&agrave;o tạo sau đại học, c&aacute;c bạn chuẩn bị l&agrave;m du học sinh..</p>\r\n<h1 style=\"box-sizing: border-box; margin: 0px 0px 10px; padding: 0px; font-size: 26px; font-family: Roboto, sans-serif; line-height: 36px; color: #333333; text-transform: uppercase; overflow-wrap: break-word;\">&nbsp;</h1>'),(107,2,20,'UỐNG CAFE TRÊN ĐƯỜNG CỦA VŨ','VH07',500,'uongcafetrenduongcuahavu.jpg',25000,24000,'1','<p style=\"box-sizing: border-box; margin: 0px 0px 10px; padding: 0px; color: #333333; font-family: sans-serif; font-size: 13px; text-align: justify;\">Uống Cafe Tr&ecirc;n Đường Của Vũ</p>\r\n<p style=\"box-sizing: border-box; margin: 0px 0px 10px; padding: 0px; color: #333333; font-family: sans-serif; font-size: 13px; text-align: justify;\">&ldquo;Ch&agrave;ng thi sĩ nhiều mơ mộng vừa cởi &aacute;o l&iacute;nh, hạnh ph&uacute;c tan vỡ, thất nghiệp, lại đang l&uacute;c bị quy về &ldquo;bệnh tư tưởng&rdquo; thơ viết kh&ocirc;ng đăng&hellip;</p>\r\n<p style=\"box-sizing: border-box; margin: 0px 0px 10px; padding: 0px; color: #333333; font-family: sans-serif; font-size: 13px; text-align: justify;\">Ly c&agrave; ph&ecirc; đen một m&igrave;nh nơi qu&aacute;n c&oacute;c bao giờ cũng nhỏ v&agrave;o đ&aacute;y cốc những giọt buồn lặng lặng kh&ocirc;ng tan.</p>\r\n<p style=\"box-sizing: border-box; margin: 0px 0px 10px; padding: 0px; color: #333333; font-family: sans-serif; font-size: 13px; text-align: justify;\">Người c&ocirc; độc thường t&igrave;m tới ly c&agrave; ph&ecirc; một m&igrave;nh chứ kh&ocirc;ng phải rượu. Vũ lại kh&ocirc;ng phải l&agrave; một người hay rượu.</p>\r\n<p style=\"box-sizing: border-box; margin: 0px 0px 10px; padding: 0px; color: #333333; font-family: sans-serif; font-size: 13px; text-align: justify;\"><em style=\"box-sizing: border-box; margin: 0px; padding: 0px;\">Ly c&agrave; ph&ecirc; c&ocirc; độc &aacute;m ảnh suốt thơ anh.<br style=\"box-sizing: border-box; margin: 0px; padding: 0px;\" /></em></p>\r\n<p style=\"box-sizing: border-box; margin: 0px 0px 10px; padding: 0px; color: #333333; font-family: sans-serif; font-size: 13px; text-align: justify;\"><em style=\"box-sizing: border-box; margin: 0px; padding: 0px;\">Qu&aacute;n c&agrave; ph&ecirc; dưới gầm cầu xe lửa</em></p>\r\n<p style=\"box-sizing: border-box; margin: 0px 0px 10px; padding: 0px; color: #333333; font-family: sans-serif; font-size: 13px; text-align: justify;\"><em style=\"box-sizing: border-box; margin: 0px; padding: 0px;\">Hạt mưa đen rơi tr&ecirc;n &ocirc; k&iacute;nh vỡ</em></p>\r\n<p style=\"box-sizing: border-box; margin: 0px 0px 10px; padding: 0px; color: #333333; font-family: sans-serif; font-size: 13px; text-align: justify;\"><em style=\"box-sizing: border-box; margin: 0px; padding: 0px;\">&hellip;</em></p>\r\n<p style=\"box-sizing: border-box; margin: 0px 0px 10px; padding: 0px; color: #333333; font-family: sans-serif; font-size: 13px; text-align: justify;\"><em style=\"box-sizing: border-box; margin: 0px; padding: 0px;\">Qu&aacute;n c&agrave; ph&ecirc; ngoại &ocirc;</em></p>\r\n<p style=\"box-sizing: border-box; margin: 0px 0px 10px; padding: 0px; color: #333333; font-family: sans-serif; font-size: 13px; text-align: justify;\"><em style=\"box-sizing: border-box; margin: 0px; padding: 0px;\">Căn nh&agrave; gỗ bộ ghế b&agrave;n thấp nhỏ</em></p>\r\n<p style=\"box-sizing: border-box; margin: 0px 0px 10px; padding: 0px; color: #333333; font-family: sans-serif; font-size: 13px; text-align: justify;\"><em style=\"box-sizing: border-box; margin: 0px; padding: 0px;\">Mảnh vuờn tối với những pho tượng cổ</em></p>\r\n<p style=\"box-sizing: border-box; margin: 0px 0px 10px; padding: 0px; color: #333333; font-family: sans-serif; font-size: 13px; text-align: justify;\"><em style=\"box-sizing: border-box; margin: 0px; padding: 0px;\">Bức sơn dầu&hellip;&rdquo;</em></p>\r\n<p style=\"box-sizing: border-box; margin: 0px 0px 10px; padding: 0px; color: #333333; font-family: sans-serif; font-size: 13px; text-align: justify;\">Tr&iacute;ch Uống cafe tr&ecirc;n đường của Vũ &ndash; Trần Tuấn</p>\r\n<p style=\"box-sizing: border-box; margin: 0px 0px 10px; padding: 0px; color: #333333; font-family: sans-serif; font-size: 13px; text-align: justify;\">Cuốn s&aacute;ch tựa những h&agrave;nh tr&igrave;nh d&agrave;i của t&aacute;c giả Trần Tuấn tr&ecirc;n mọi miền đất nước, v&agrave; cả nước ngo&agrave;i. &nbsp;Ấy l&agrave; những miền đất m&agrave; &ocirc;ng đ&atilde; đi qua, đ&atilde; cảm, đ&atilde; ngấm c&aacute;i chất của v&ugrave;ng. Con người nơi miền đất ấy, c&acirc;u chuyện nơi những mảnh đất ấy ngấm v&agrave;o lời văn của &ocirc;ng một c&aacute;ch tự nhi&ecirc;n, b&igrave;nh dị. V&agrave; rồi ch&uacute;ng trở th&agrave;nh những miền t&acirc;m tưởng.</p>\r\n<p style=\"box-sizing: border-box; margin: 0px 0px 10px; padding: 0px; color: #333333; font-family: sans-serif; font-size: 13px; text-align: justify;\">Một chuyến h&agrave;nh tr&igrave;nh tưởng như bất tận. Để rồi đến cuối c&ugrave;ng Trần Tuấn, hay thậm ch&iacute; cả người đọc mới vỡ ra.</p>\r\n<p style=\"box-sizing: border-box; margin: 0px 0px 10px; padding: 0px; color: #333333; font-family: sans-serif; font-size: 13px; text-align: justify;\"><em style=\"box-sizing: border-box; margin: 0px; padding: 0px;\">&ldquo;Bởi t&ocirc;i l&agrave; t&iacute;n đồ của đạo trần gian&hellip;&rdquo;</em></p>\r\n<h3 style=\"box-sizing: border-box; margin: 0px; padding: 0px; font-family: sans-serif; font-weight: normal; line-height: 39px; color: #333333; font-size: 14px; text-align: justify;\"><span style=\"box-sizing: border-box; margin: 0px; padding: 0px;\">T&aacute;c giả:</span></h3>\r\n<p style=\"box-sizing: border-box; margin: 0px 0px 10px; padding: 0px; color: #333333; font-family: sans-serif; font-size: 13px; text-align: justify;\">TRẦN TUẤN &ndash; sinh năm 1967 tại H&agrave; Nội.</p>\r\n<p style=\"box-sizing: border-box; margin: 0px 0px 10px; padding: 0px; color: #333333; font-family: sans-serif; font-size: 13px; text-align: justify;\">Trưởng Ban đại diện b&aacute;o Tiền Phong tại miền Trung tại Đ&agrave; Nẵng. T&aacute;c giả của nhiều cuốn s&aacute;ch như Ma thuật ng&oacute;n (2008), Đừng gọi t&ocirc;i l&agrave; Lại Phiền H&agrave; (2008)&hellip;</p>\r\n<h3 style=\"box-sizing: border-box; margin: 0px; padding: 0px; font-family: sans-serif; font-weight: normal; line-height: 39px; color: #333333; font-size: 14px; text-align: justify;\"><span style=\"box-sizing: border-box; margin: 0px; padding: 0px;\">Mục lục:</span></h3>\r\n<p style=\"box-sizing: border-box; margin: 0px 0px 10px; padding: 0px; color: #333333; font-family: sans-serif; font-size: 13px; text-align: justify;\"><span style=\"box-sizing: border-box; margin: 0px; padding: 0px;\">MIỀN ĐẤT</span></p>\r\n<p style=\"box-sizing: border-box; margin: 0px 0px 10px; padding: 0px; color: #333333; font-family: sans-serif; font-size: 13px; text-align: justify;\">Mưa đ&egrave;o Cả</p>\r\n<p style=\"box-sizing: border-box; margin: 0px 0px 10px; padding: 0px; color: #333333; font-family: sans-serif; font-size: 13px; text-align: justify;\">23 đ&ecirc;m ng&agrave;y vượt Trường Sơn</p>\r\n<p style=\"box-sizing: border-box; margin: 0px 0px 10px; padding: 0px; color: #333333; font-family: sans-serif; font-size: 13px; text-align: justify;\">Đi dưới 500m s&acirc;u Hải V&acirc;n Sơn</p>\r\n<p style=\"box-sizing: border-box; margin: 0px 0px 10px; padding: 0px; color: #333333; font-family: sans-serif; font-size: 13px; text-align: justify;\">Xuống t&agrave;u ch&igrave;m 700 năm dưới đ&aacute;y biển</p>\r\n<p style=\"box-sizing: border-box; margin: 0px 0px 10px; padding: 0px; color: #333333; font-family: sans-serif; font-size: 13px; text-align: justify;\">Ho&agrave;ng Sa k&yacute; sự</p>\r\n<p style=\"box-sizing: border-box; margin: 0px 0px 10px; padding: 0px; color: #333333; font-family: sans-serif; font-size: 13px; text-align: justify;\">Đ&ecirc;m ngủ G&agrave;nh</p>\r\n<p style=\"box-sizing: border-box; margin: 0px 0px 10px; padding: 0px; color: #333333; font-family: sans-serif; font-size: 13px; text-align: justify;\">Bơi từ C&ugrave; Lao Ch&agrave;m v&agrave;o bờ với người Nhật</p>\r\n<p style=\"box-sizing: border-box; margin: 0px 0px 10px; padding: 0px; color: #333333; font-family: sans-serif; font-size: 13px; text-align: justify;\">Bay d&ugrave; lượn c&ugrave;ng nh&agrave; v&ocirc; địch</p>\r\n<p style=\"box-sizing: border-box; margin: 0px 0px 10px; padding: 0px; color: #333333; font-family: sans-serif; font-size: 13px; text-align: justify;\">Ghi tr&ecirc;n đường c&aacute;p treo d&agrave;i nhất thế giới</p>\r\n<p style=\"box-sizing: border-box; margin: 0px 0px 10px; padding: 0px; color: #333333; font-family: sans-serif; font-size: 13px; text-align: justify;\">Vượt đ&egrave;o &ldquo;s&eacute;t đ&aacute;nh&rdquo;</p>\r\n<p style=\"box-sizing: border-box; margin: 0px 0px 10px; padding: 0px; color: #333333; font-family: sans-serif; font-size: 13px; text-align: justify;\">7 tuổi đi 3 c&ocirc;ng trường</p>\r\n<p style=\"box-sizing: border-box; margin: 0px 0px 10px; padding: 0px; color: #333333; font-family: sans-serif; font-size: 13px; text-align: justify;\">Nguyễn Sự lạy c&aacute;t</p>\r\n<p style=\"box-sizing: border-box; margin: 0px 0px 10px; padding: 0px; color: #333333; font-family: sans-serif; font-size: 13px; text-align: justify;\">Cổ xa k&yacute;</p>\r\n<p style=\"box-sizing: border-box; margin: 0px 0px 10px; padding: 0px; color: #333333; font-family: sans-serif; font-size: 13px; text-align: justify;\">C&agrave; Mau qu&ecirc; xứ</p>\r\n<p style=\"box-sizing: border-box; margin: 0px 0px 10px; padding: 0px; color: #333333; font-family: sans-serif; font-size: 13px; text-align: justify;\"><span style=\"box-sizing: border-box; margin: 0px; padding: 0px;\">MIỀN T&Acirc;M TƯỞNG</span></p>\r\n<p style=\"box-sizing: border-box; margin: 0px 0px 10px; padding: 0px; color: #333333; font-family: sans-serif; font-size: 13px; text-align: justify;\">Dưới b&oacute;ng Ấn sơn</p>\r\n<p style=\"box-sizing: border-box; margin: 0px 0px 10px; padding: 0px; color: #333333; font-family: sans-serif; font-size: 13px; text-align: justify;\">Tr&ecirc;n đỉnh Th&igrave;nh Th&igrave;nh</p>\r\n<p style=\"box-sizing: border-box; margin: 0px 0px 10px; padding: 0px; color: #333333; font-family: sans-serif; font-size: 13px; text-align: justify;\">T&igrave;m dấu ch&acirc;n Phật b&ecirc;n bờ M&ecirc; K&ocirc;ng</p>\r\n<p style=\"box-sizing: border-box; margin: 0px 0px 10px; padding: 0px; color: #333333; font-family: sans-serif; font-size: 13px; text-align: justify;\">Linh hồn b&aacute;n đảo</p>\r\n<p style=\"box-sizing: border-box; margin: 0px 0px 10px; padding: 0px; color: #333333; font-family: sans-serif; font-size: 13px; text-align: justify;\">Ải thời gian</p>\r\n<p style=\"box-sizing: border-box; margin: 0px 0px 10px; padding: 0px; color: #333333; font-family: sans-serif; font-size: 13px; text-align: justify;\">Kh&ocirc;ng mưa ở Nh&atilde; Nam</p>\r\n<p style=\"box-sizing: border-box; margin: 0px 0px 10px; padding: 0px; color: #333333; font-family: sans-serif; font-size: 13px; text-align: justify;\">Đạp xe sang s&ocirc;ng</p>\r\n<p style=\"box-sizing: border-box; margin: 0px 0px 10px; padding: 0px; color: #333333; font-family: sans-serif; font-size: 13px; text-align: justify;\">T&igrave;m nơi B&ugrave;i Gi&aacute;ng chăn d&ecirc;</p>\r\n<p style=\"box-sizing: border-box; margin: 0px 0px 10px; padding: 0px; color: #333333; font-family: sans-serif; font-size: 13px; text-align: justify;\">Anh em nh&agrave; Thạch Lam từ Cẩm Ph&ocirc; tới Cẩm Gi&agrave;ng</p>\r\n<p style=\"box-sizing: border-box; margin: 0px 0px 10px; padding: 0px; color: #333333; font-family: sans-serif; font-size: 13px; text-align: justify;\">Uống c&agrave; ph&ecirc; tr&ecirc;n đường của Vũ</p>\r\n<p style=\"box-sizing: border-box; margin: 0px 0px 10px; padding: 0px; color: #333333; font-family: sans-serif; font-size: 13px; text-align: justify;\">Nắng Chăm</p>\r\n<p style=\"box-sizing: border-box; margin: 0px 0px 10px; padding: 0px; color: #333333; font-family: sans-serif; font-size: 13px; text-align: justify;\">Trăm tuổi kh&oacute;i sương</p>\r\n<p style=\"box-sizing: border-box; margin: 0px 0px 10px; padding: 0px; color: #333333; font-family: sans-serif; font-size: 13px; text-align: justify;\">Thi&ecirc;̀u quang Biển Đỏ</p>\r\n<p style=\"box-sizing: border-box; margin: 0px 0px 10px; padding: 0px; color: #333333; font-family: sans-serif; font-size: 13px; text-align: justify;\">Người linh sơn</p>\r\n<p style=\"box-sizing: border-box; margin: 0px 0px 10px; padding: 0px; color: #333333; font-family: sans-serif; font-size: 13px; text-align: justify;\">&Aacute;nh s&aacute;ng kinh th&agrave;nh trong l&ograve;ng đất</p>\r\n<p style=\"box-sizing: border-box; margin: 0px 0px 10px; padding: 0px; color: #333333; font-family: sans-serif; font-size: 13px; text-align: justify;\">Về ngồi dưới gốc d&acirc;u trăm tuổi</p>\r\n<p style=\"box-sizing: border-box; margin: 0px 0px 10px; padding: 0px; color: #333333; font-family: sans-serif; font-size: 13px; text-align: justify;\">H&agrave;nh đạo Tr&agrave;</p>'),(108,2,21,'HẠT NẮNG BỒ ĐỀ','VH08',100,'8936037710563.jpg',89000,34000,'1','<p style=\"box-sizing: border-box; margin: 0px 0px 10px; padding: 0px; color: #333333; font-family: sans-serif; font-size: 13px; text-align: justify;\">Hạt Nắng Bồ Đề</p>\r\n<p style=\"box-sizing: border-box; margin: 0px 0px 10px; padding: 0px; color: #333333; font-family: sans-serif; font-size: 13px; text-align: justify;\">T&ocirc;i lu&ocirc;n tin tưởng s&acirc;u sắc v&agrave;o l&yacute; nh&acirc;n duy&ecirc;n. Mười lăm b&agrave;i tản văn trong tập s&aacute;ch n&agrave;y c&oacute; được l&agrave; nhờ những duy&ecirc;n l&agrave;nh sau một chuyến h&agrave;nh hương hu&acirc;n tu tại Ấn Độ. Cũng c&oacute; thể gọi l&agrave; du k&yacute; hay k&yacute; sự h&agrave;nh hương.</p>\r\n<p style=\"box-sizing: border-box; margin: 0px 0px 10px; padding: 0px; color: #333333; font-family: sans-serif; font-size: 13px; text-align: justify;\">Số l&agrave; trong một kh&oacute;a tu Phật thất ở ch&ugrave;a Bảo Quang Hamburg, khi đang niệm Phật v&agrave; lạy s&aacute;m hối, t&ocirc;i chợt nảy ra &yacute; tưởng rằng, kỳ nghỉ năm tới sẽ kh&ocirc;ng đi du lịch m&agrave; phải đi đến Bồ Đề Đạo Tr&agrave;ng. Giờ nghỉ trưa, t&ocirc;i gọi điện cho người bạn đời v&agrave; cắt nghĩa l&agrave; ch&uacute;ng t&ocirc;i cần một kh&ocirc;ng gian như thế để tập trung t&acirc;m &yacute; v&agrave;o việc tu tập. Tuy bất ngờ nhưng &yacute; kiến được hoan ngh&ecirc;nh ngay. T&ocirc;i cũng mừng l&agrave; mọi việc tr&ocirc;i chảy nhanh ch&oacute;ng.</p>\r\n<p style=\"box-sizing: border-box; margin: 0px 0px 10px; padding: 0px; color: #333333; font-family: sans-serif; font-size: 13px; text-align: justify;\">Về nh&agrave; sau t&aacute;m ng&agrave;y ở kh&oacute;a tu, t&ocirc;i liền bắt tay chuẩn bị. Trước ti&ecirc;n l&agrave; li&ecirc;n lạc với những vị c&oacute; kinh nghiệm ở Ấn Độ để hỏi thăm. Sau khi gom g&oacute;p v&agrave;i chi tiết cần thiết, t&ocirc;i b&aacute;o cho sở l&agrave;m lịch nghỉ v&agrave; đặt mua v&eacute; m&aacute;y bay đi New Delhi (v&eacute; nội địa Ấn Độ chưa c&oacute; v&igrave; qu&aacute; sớm, c&ograve;n hơn một năm nữa). L&agrave;m gấp như vậy l&agrave; để c&oacute; thể dứt kho&aacute;t, kh&ocirc;ng cho một phương &aacute;n B c&oacute; cơ hội th&agrave;nh h&igrave;nh, để c&oacute; thể chuy&ecirc;n ch&uacute; chuẩn bị phần t&acirc;m linh cho chuyến đi. Nhờ vậy m&agrave; hai ch&uacute;ng t&ocirc;i (sau đ&oacute; hẹn th&ecirc;m anh b&aacute;c sĩ Long từ &Uacute;c) c&oacute; mặt tại Ấn Độ v&agrave;o ba tuần lễ cuối năm 2016.</p>\r\n<p style=\"box-sizing: border-box; margin: 0px 0px 10px; padding: 0px; color: #333333; font-family: sans-serif; font-size: 13px; text-align: justify;\">[&hellip;]Nh&acirc;n duy&ecirc;n l&agrave; như thế. T&ocirc;i sắp xếp d&agrave;n b&agrave;i, cố viết mỗi th&aacute;ng một b&agrave;i v&igrave; trong một th&aacute;ng t&ocirc;i chỉ c&oacute; bốn ng&agrave;y thứ Bảy tạm gọi l&agrave; rảnh. Năm ng&agrave;y trong tuần th&igrave; đi l&agrave;m, Chủ Nhật đi ch&ugrave;a. M&agrave; thứ Bảy c&oacute; khi cũng c&ograve;n c&oacute; những việc vặt v&atilde;nh kh&aacute;c phải giải quyết như đi chợ, cắt cỏ vườn, thay c&aacute;i b&oacute;ng đ&egrave;n vừa bị ch&aacute;y&hellip; T&ocirc;i đ&atilde; cố gắng kh&ocirc;ng ghi v&agrave;o tập s&aacute;ch n&agrave;y c&aacute;c chi tiết về lịch sử hay m&ocirc; tả Phật t&iacute;ch m&agrave; nghi&ecirc;ng về những c&acirc;u chuyện, những x&uacute;c cảm của m&igrave;nh khi về miền đất Phật. Mục đ&iacute;ch chỉ l&agrave; san sẻ ch&uacute;t l&ograve;ng th&agrave;nh với c&aacute;c th&acirc;n hữu đ&atilde;, đang v&agrave; sẽ về thăm đất Phật. Hay cả những thiện hữu đang hướng t&acirc;m về đ&oacute;. Chỉ vậy th&ocirc;i.</p>\r\n<p style=\"box-sizing: border-box; margin: 0px 0px 10px; padding: 0px; color: #333333; font-family: sans-serif; font-size: 13px; text-align: justify;\">[&hellip;]Ngo&agrave;i ra, việc bạn đọc cầm tr&ecirc;n tay tập s&aacute;ch gồm mười lăm tản văn k&yacute; sự h&agrave;nh hương hu&acirc;n tu n&agrave;y để đọc cũng l&agrave; một nh&acirc;n duy&ecirc;n hy hữu. Hiếm g&igrave; những c&acirc;y viết t&agrave;i ba đ&atilde; nổi danh, sao kh&ocirc;ng xem m&agrave; xem chi những lời lẽ luộm thuộm n&agrave;y. Thật qu&aacute; h&acirc;n hạnh cho t&ocirc;i. T&ocirc;i xin đoan chắc rằng, những lời n&agrave;y viết ra thật l&ograve;ng như điều m&igrave;nh nghĩ, như việc m&igrave;nh trải nghiệm, như l&ograve;ng m&igrave;nh cảm nhận. &ldquo;Lời qu&ecirc; chắp nhặt d&ocirc;ng d&agrave;i.&rdquo; (thơ Nguyễn Du)</p>\r\n<p style=\"box-sizing: border-box; margin: 0px 0px 10px; padding: 0px; color: #333333; font-family: sans-serif; font-size: 13px; text-align: justify;\">Do những thiện duy&ecirc;n ấy m&agrave; cuốn s&aacute;ch n&agrave;y ra đời. Nếu độc giả c&oacute; ch&uacute;t an lạc, ch&uacute;t th&iacute;ch th&uacute; th&igrave; đấy l&agrave; những cảm ứng của m&igrave;nh với v&ugrave;ng đất Phật, với gi&aacute;o l&yacute; vi diệu Phật Đ&agrave;. Xin hồi hướng c&ocirc;ng đức ấy cho ch&uacute;ng sanh mọi miền. C&oacute; g&igrave; kh&ocirc;ng phải xin bỏ qua v&igrave; t&ocirc;i chỉ l&agrave; c&acirc;y viết &ldquo;tay ngang&rdquo;, chắc chắn c&ograve;n nhiều khiếm khuyết.</p>'),(109,2,21,'SIÊU NHÂN MẸ','VH09',2000,'image_193704.jpg',77000,77000,'1','<p style=\"box-sizing: border-box; margin: 0px 0px 10px; padding: 0px; color: #333333; font-family: sans-serif; font-size: 13px; text-align: justify;\">Si&ecirc;u Nh&acirc;n Mẹ<br style=\"box-sizing: border-box; margin: 0px; padding: 0px;\" />C&oacute; khi bạn sẽ nhăn ch&aacute;n, cau m&agrave;y v&agrave; cũng c&oacute; l&uacute;c bạn sẽ bật cười như một đứa trẻ, lật từng trang s&aacute;ch c&oacute; những người Mẹ như được hiểu, được thương v&agrave; c&oacute; cả h&igrave;nh ảnh b&eacute; hiện ra thật đ&aacute;ng y&ecirc;u với n&eacute;t nghịch ngợm rất thật.</p>\r\n<p style=\"box-sizing: border-box; margin: 0px 0px 10px; padding: 0px; color: #333333; font-family: sans-serif; font-size: 13px; text-align: justify;\">Cuốn theo những cảm x&uacute;c lạ k&igrave; của cuốn s&aacute;ch một c&aacute;ch thật tự nhi&ecirc;n để rồi gấp lại bạn sẽ thấy một người phụ nữ lu&ocirc;n yếu đuối nhưng một người Mẹ lu&ocirc;n mạnh mẽ, thấy Mẹ l&agrave; người c&oacute; thể thay thế bất k&igrave; ai v&agrave; sẽ chẳng c&oacute; ai thay thế được Mẹ!</p>\r\n<p style=\"box-sizing: border-box; margin: 0px 0px 10px; padding: 0px; color: #333333; font-family: sans-serif; font-size: 13px; text-align: justify;\">Si&ecirc;u Nh&acirc;n Mẹ như c&oacute; sẵn trong bạn v&agrave; hạnh ph&uacute;c sẽ đến thật bất ngờ như một cơn gi&oacute; sớm...</p>\r\n<p style=\"box-sizing: border-box; margin: 0px 0px 10px; padding: 0px; color: #333333; font-family: sans-serif; font-size: 13px; text-align: justify;\">Những g&igrave; tuyệt vời nhất lu&ocirc;n được cảm nhận bởi thứ ng&ocirc;n ngữ kh&ocirc;ng lời... Cuốn s&aacute;ch như một m&oacute;n qu&agrave; nhỏ d&agrave;nh tặng tất cả những người Mẹ, mong một ng&agrave;y hạnh ph&uacute;c thật nhiều b&ecirc;n Mẹ v&agrave; B&eacute;...</p>'),(110,2,22,'ỚN LẠNH','VH10',20,'image_175376.jpg',88000,87000,'1','<p>ớn lạnh</p>'),(111,3,2,'NHÀ LÃNH ĐẠO KHÔNG CHỨC DANH (7242) (17)','KT04',100,'8934974145936.jpg',11000,10000,'1','<p style=\"box-sizing: border-box; margin: 0px 0px 10px; padding: 0px; color: #333333; font-family: sans-serif; font-size: 13px; text-align: justify;\">Nh&agrave; L&atilde;nh Đạo Kh&ocirc;ng Chức Danh</p>\r\n<p style=\"box-sizing: border-box; margin: 0px 0px 10px; padding: 0px; color: #333333; font-family: sans-serif; font-size: 13px; text-align: justify;\">Suốt hơn 15 năm, Robin Sharma đ&atilde; thầm lặng chia sẻ với những c&ocirc;ng ty trong danh s&aacute;ch Fortune 500 v&agrave; nhiều người si&ecirc;u gi&agrave;u kh&aacute;c một c&ocirc;ng thức th&agrave;nh c&ocirc;ng đ&atilde; gi&uacute;p &ocirc;ng trở th&agrave;nh một trong những nh&agrave; cố vấn l&atilde;nh đạo được theo đuổi nhiều nhất thế giới. Đ&acirc;y l&agrave; lần đầu ti&ecirc;n Sharma c&ocirc;ng bố c&ocirc;ng thức độc quyền n&agrave;y với bạn, để bạn c&oacute; thể đạt được những g&igrave; tốt nhất, đồng thời gi&uacute;p tổ chức của bạn c&oacute; thể c&oacute; những bước đột ph&aacute; đến một cấp độ th&agrave;nh c&ocirc;ng mới trong thời đại thi&ecirc;n biến vạn h&oacute;a như hiện nay.</p>\r\n<p style=\"box-sizing: border-box; margin: 0px 0px 10px; padding: 0px; color: #333333; font-family: sans-serif; font-size: 13px; text-align: justify;\">Trong cuốn s&aacute;ch&nbsp;<span style=\"box-sizing: border-box; margin: 0px; padding: 0px;\">Nh&agrave; L&atilde;nh Đạo Kh&ocirc;ng Chức Danh</span>, bạn sẽ học được:</p>\r\n<ul style=\"box-sizing: border-box; margin: 0px; padding: 0px 0px 0px 1.5em; list-style-position: outside; list-style-image: initial; color: #333333; font-family: sans-serif; font-size: 13px; text-align: justify;\" type=\"disc\">\r\n<li style=\"box-sizing: border-box; margin: 0px; padding: 0px; list-style: none;\">L&agrave;m thế n&agrave;o để l&agrave;m việc v&agrave; tạo ảnh hưởng với mọi người như một si&ecirc;u sao, bất chấp bạn đang ở vị tr&iacute; n&agrave;o</li>\r\n<li style=\"box-sizing: border-box; margin: 0px; padding: 0px; list-style: none;\">Một phương ph&aacute;p để nhận biết v&agrave; nắm bắt cơ hội v&agrave;o những thời điểm thay đổi</li>\r\n<li style=\"box-sizing: border-box; margin: 0px; padding: 0px; list-style: none;\">Những b&iacute; mật thật sự của sự đổi mới</li>\r\n<li style=\"box-sizing: border-box; margin: 0px; padding: 0px; list-style: none;\">Một chiến lược tức thời để x&acirc;y dựng đội nh&oacute;m tuyệt vời v&agrave; trở th&agrave;nh một nh&agrave; cung cấp ngoạn mục của kh&aacute;ch h&agrave;ng</li>\r\n<li style=\"box-sizing: border-box; margin: 0px; padding: 0px; list-style: none;\">Những thủ thuật cứng rắn gi&uacute;p trở n&ecirc;n mạnh mẽ cả về thể chất lẫn tinh thần để c&oacute; thể đi đầu trong lĩnh vực của bạn</li>\r\n<li style=\"box-sizing: border-box; margin: 0px; padding: 0px; list-style: none;\">Những phương thức thực tế để đ&aacute;nh bại sự căng thẳng, x&acirc;y dựng một &yacute; ch&iacute; bất bại, giải ph&oacute;ng năng lượng, v&agrave; c&acirc;n bằng cuộc sống c&aacute; nh&acirc;n</li>\r\n</ul>\r\n<p style=\"box-sizing: border-box; margin: 0px 0px 10px; padding: 0px; color: #333333; font-family: sans-serif; font-size: 13px; text-align: justify;\">Bất kể bạn l&agrave;m g&igrave; trong tổ chức v&agrave; cuộc sống hiện tại của bạn như thế n&agrave;o, một thực tế quan trọng duy nhất l&agrave; bạn c&oacute; khả năng thể hiện năng lực l&atilde;nh đạo. Cho d&ugrave; sự nghiệp hiện tại của bạn đang ở đ&acirc;u, bạn vẫn lu&ocirc;n cần phải thể hiện những khả năng tột đỉnh của m&igrave;nh. Cuốn s&aacute;ch n&agrave;y sẽ hướng dẫn bạn l&agrave;m thế n&agrave;o để khai th&aacute;c tối đa khả năng đ&oacute;, cũng như thay đổi cuộc sống v&agrave; thế giới xung quanh bạn.</p>'),(112,3,2,'NGUYÊN TẮC THIẾT KẾ SLIDE CHUẨN TED','KT05',200,'image_194489.jpg',15000,12000,'1','<div id=\"desc_content\" class=\"std\" style=\"box-sizing: border-box; margin: 0px; font-size: 13px; height: 360px; color: #333333; font-family: sans-serif; overflow: hidden; padding: 0px 0px 20px !important 0px;\">\r\n<p style=\"box-sizing: border-box; margin: 0px 0px 10px; padding: 0px; text-align: justify;\">Người ta lựa chọn sử dụng slide để khiến th&ocirc;ng điệp của họ trở n&ecirc;n dễ hiểu hơn, khiến th&ocirc;ng điệp của m&igrave;nh dễ d&agrave;ng được tiếp nhận v&agrave; trở n&ecirc;n th&uacute; vị hơn.</p>\r\n<p style=\"box-sizing: border-box; margin: 0px 0px 10px; padding: 0px; text-align: justify;\">Đ&oacute; ch&iacute;nh l&agrave; yếu tố mấu chốt đầu ti&ecirc;n bạn c&oacute; thể r&uacute;t ra từ cuốn s&aacute;ch n&agrave;y. Mỗi khi thiết kế slide, h&atilde;y tự hỏi bản th&acirc;n:</p>\r\n<p style=\"box-sizing: border-box; margin: 0px 0px 10px; padding: 0px; text-align: justify;\"><strong style=\"box-sizing: border-box; margin: 0px; padding: 0px; font-family: Arial, Helvetica, sans-serif;\">T&ocirc;i đang tạo ra slide n&agrave;y để gi&uacute;p kh&aacute;n giả hay bản th&acirc;n m&igrave;nh?</strong></p>\r\n<p style=\"box-sizing: border-box; margin: 0px 0px 10px; padding: 0px; text-align: justify;\">Thay v&igrave; bấu v&iacute;u v&agrave;o slide như một chỗ dựa v&agrave; sử dụng theo kiểu giấy ghi ch&eacute;p cỡ lớn để c&oacute; thể nhớ những điều cần n&oacute;i, những diễn giả t&agrave;i ba tr&ecirc;n s&acirc;n khấu TED sử dụng slide để gi&uacute;p kh&aacute;n giả, chứ kh&ocirc;ng phải bản th&acirc;n họ. Bạn c&oacute; muốn biết b&iacute; quyết thiết kế slide đằng sau những b&agrave;i diễn thuyết nổi tiếng khắp thế giới n&agrave;y kh&ocirc;ng?</p>\r\n<p style=\"box-sizing: border-box; margin: 0px 0px 10px; padding: 0px; text-align: justify;\"><strong style=\"box-sizing: border-box; margin: 0px; padding: 0px; font-family: Arial, Helvetica, sans-serif;\">Nguy&ecirc;n tắc thiết kế slide chuẩn TED</strong>&nbsp;kh&ocirc;ng phải l&agrave; s&aacute;ch vỡ l&ograve;ng đầy đủ về việc thiết kế b&agrave;i thuyết tr&igrave;nh. Tuy nhi&ecirc;n, n&oacute; bao qu&aacute;t tất thảy c&aacute;c yếu tố cần thiết.&nbsp;<strong style=\"box-sizing: border-box; margin: 0px; padding: 0px; font-family: Arial, Helvetica, sans-serif;\">Nguy&ecirc;n tắc thiết kế slide chuẩn TED&nbsp;</strong>được viết rất c&ocirc; đọng ph&ugrave; hợp cho những người kh&ocirc;ng muốn l&atilde;ng ph&iacute; thời gian v&agrave;o những điều v&ocirc; bổ. Trong cuốn s&aacute;ch n&agrave;y, bạn sẽ t&igrave;m thấy c&aacute;c v&iacute; dụ về những slide hấp dẫn từ c&aacute;c b&agrave;i TED talk ấn tượng, c&ugrave;ng với đ&oacute; l&agrave; những nguy&ecirc;n tắc thiết thực m&agrave; bạn c&oacute; thể vận dụng để khiến b&agrave;i thuyết tr&igrave;nh của m&igrave;nh trở n&ecirc;n sống động.</p>\r\n<p style=\"box-sizing: border-box; margin: 0px 0px 10px; padding: 0px; text-align: justify;\">Dẫu n&oacute; kh&ocirc;ng phải l&agrave; s&aacute;ch vỡ l&ograve;ng đầy đủ về việc thiết kế slide, nhưng nếu thực hiện đầy đủ c&aacute;c nguy&ecirc;n tắc trong s&aacute;ch, bạn cũng sẽ khiến b&agrave;i thuyết tr&igrave;nh của m&igrave;nh tốt hơn 90% số diễn giả &ndash; n&oacute;i c&aacute;ch kh&aacute;c &ndash; b&agrave;i của bạn sẽ nằm trong top 10% b&agrave;i thuyết tr&igrave;nh chất lượng nhất.</p>\r\n<p style=\"box-sizing: border-box; margin: 0px 0px 10px; padding: 0px; text-align: justify;\">Như vậy l&agrave; đủ để tạo ra những b&agrave;i thuyết tr&igrave;nh ấn tượng thay v&igrave; những gạch đầu d&ograve;ng nh&agrave;m ch&aacute;n rồi.</p>\r\n<p style=\"box-sizing: border-box; margin: 0px 0px 10px; padding: 0px; text-align: justify;\">CẤU TR&Uacute;C CỦA CUỐN S&Aacute;CH N&Agrave;Y</p>\r\n<p style=\"box-sizing: border-box; margin: 0px 0px 10px; padding: 0px; text-align: justify;\">Cuốn s&aacute;ch n&agrave;y được chia l&agrave;m ba phần. Phần đầu ti&ecirc;n b&agrave;n luận ngắn gọn về th&ocirc;ng điệp trong b&agrave;i thuyết tr&igrave;nh v&igrave; dẫu bạn thiết kế slide thuyết tr&igrave;nh đẹp mắt đến nhường n&agrave;o, nhưng nếu th&ocirc;ng điệp dở tệ, b&agrave;i thuyết tr&igrave;nh của bạn cũng sẽ c&ugrave;ng chung số phận.</p>\r\n<p style=\"box-sizing: border-box; margin: 0px 0px 10px; padding: 0px; text-align: justify;\">Phần hai l&agrave; nội dung ch&iacute;nh của cuốn s&aacute;ch n&agrave;y. Bạn sẽ kh&aacute;m ph&aacute; những nguy&ecirc;n tắc chung về việc thiết kế b&agrave;i thuyết tr&igrave;nh, từ đ&oacute; c&oacute; thể vận dụng để tạo ra những slide hiệu quả v&agrave; hấp dẫn gi&uacute;p bạn truyền tải th&ocirc;ng điệp thay v&igrave; khiến ch&uacute;ng trở n&ecirc;n rối rắm.</p>\r\n<p style=\"box-sizing: border-box; margin: 0px 0px 10px; padding: 0px; text-align: justify;\">Cuối c&ugrave;ng, phần ba tập trung v&agrave;o những nguy&ecirc;n tắc mấu chốt để truyền tải c&aacute;c slide một c&aacute;ch sinh động v&agrave; cuốn h&uacute;t.</p>\r\n<p style=\"box-sizing: border-box; margin: 0px 0px 10px; padding: 0px; text-align: justify;\">Trong cuốn s&aacute;ch n&agrave;y, t&aacute;c giả đưa ra những hướng dẫn cho phần mềm PowerPoint. Tuy nhi&ecirc;n, ngay cả khi bạn sử dụng phần mềm Keynote hoặc Prezi, c&aacute;c nguy&ecirc;n tắc được tr&igrave;nh b&agrave;y trong cuốn s&aacute;ch n&agrave;y vẫn ho&agrave;n to&agrave;n c&oacute; thể &aacute;p dụng.</p>\r\n<p style=\"box-sizing: border-box; margin: 0px 0px 10px; padding: 0px; text-align: justify;\"><strong style=\"box-sizing: border-box; margin: 0px; padding: 0px; font-family: Arial, Helvetica, sans-serif;\"><u style=\"box-sizing: border-box; margin: 0px; padding: 0px;\">MỤC LỤC:</u></strong></p>\r\n<p style=\"box-sizing: border-box; margin: 0px 0px 10px; padding: 0px; text-align: justify;\">Chương 1: Truyền sức sống v&agrave;o b&agrave;i thuyết tr&igrave;nh thay v&igrave; b&ograve;n r&uacute;t n&oacute; từ kh&aacute;n giả</p>\r\n<p style=\"box-sizing: border-box; margin: 0px 0px 10px; padding: 0px; text-align: justify;\"><strong style=\"box-sizing: border-box; margin: 0px; padding: 0px; font-family: Arial, Helvetica, sans-serif;\">PHẦN 1: TH&Ocirc;NG ĐIỆP CỦA BẠN</strong></p>\r\n<p style=\"box-sizing: border-box; margin: 0px 0px 10px; padding: 0px; text-align: justify;\">Chương 2: Sai lầm phổ biến nhất - v&agrave; c&aacute;ch để tr&aacute;nh mắc phải</p>\r\n<p style=\"box-sizing: border-box; margin: 0px 0px 10px; padding: 0px; text-align: justify;\">Chương 3: Nguy&ecirc;n tắc n&agrave;y sẽ gi&uacute;p bạn giỏi hơn 90% c&aacute;c diễn giả kh&aacute;c</p>\r\n<p style=\"box-sizing: border-box; margin: 0px 0px 10px; padding: 0px; text-align: justify;\"><strong style=\"box-sizing: border-box; margin: 0px; padding: 0px; font-family: Arial, Helvetica, sans-serif;\">PHẦN 2: SLIDE CỦA BẠN</strong></p>\r\n<p style=\"box-sizing: border-box; margin: 0px 0px 10px; padding: 0px; text-align: justify;\">Chương 4: Bước đầu ti&ecirc;n để tạo ra slide chuẩn Ted</p>\r\n<p style=\"box-sizing: border-box; margin: 0px 0px 10px; padding: 0px; text-align: justify;\">Chương 5: C&aacute;ch nhanh ch&oacute;ng l&ecirc;n kịch bản h&igrave;nh ảnh cho b&agrave;i thuyết tr&igrave;nh</p>\r\n<p style=\"box-sizing: border-box; margin: 0px 0px 10px; padding: 0px; text-align: justify;\">Chương 6: Slide của Bill Gates: từ nh&agrave;m ch&aacute;n tới thu h&uacute;t</p>\r\n<p style=\"box-sizing: border-box; margin: 0px 0px 10px; padding: 0px; text-align: justify;\">Chương 7: 200 Slide trong 18 ph&uacute;t</p>\r\n<p style=\"box-sizing: border-box; margin: 0px 0px 10px; padding: 0px; text-align: justify;\">Chương 8: C&ocirc;ng thức thuyết tr&igrave;nh của Seth Godin</p>\r\n<p style=\"box-sizing: border-box; margin: 0px 0px 10px; padding: 0px; text-align: justify;\">Chương 9: Font chữ của bạn c&oacute; đủ hấp dẫn kh&ocirc;ng?</p>\r\n<p style=\"box-sizing: border-box; margin: 0px 0px 10px; padding: 0px; text-align: justify;\">Chương 10: &ldquo;Anh bạn, sự tương phản đ&acirc;u rồi?&rdquo;</p>\r\n<p style=\"box-sizing: border-box; margin: 0px 0px 10px; padding: 0px; text-align: justify;\">Chương 11: Tr&igrave;nh b&agrave;y dữ liệu m&agrave; kh&ocirc;ng g&acirc;y nh&agrave;m ch&aacute;n</p>\r\n<p style=\"box-sizing: border-box; margin: 0px 0px 10px; padding: 0px; text-align: justify;\">Chương 12: L&agrave;m b&agrave;i thuyết tr&igrave;nh trở n&ecirc;n hấp dẫn hơn bằng video</p>\r\n<p style=\"box-sizing: border-box; margin: 0px 0px 10px; padding: 0px; text-align: justify;\">Chương 13: &ldquo;L&agrave;m thế n&agrave;o để mọi thứ nhất qu&aacute;n?&rdquo;</p>\r\n<p style=\"box-sizing: border-box; margin: 0px 0px 10px; padding: 0px; text-align: justify;\"><strong style=\"box-sizing: border-box; margin: 0px; padding: 0px; font-family: Arial, Helvetica, sans-serif;\">PHẦN 3: B&Agrave;I THUYẾT TR&Igrave;NH CỦA BẠN</strong></p>\r\n<p style=\"box-sizing: border-box; margin: 0px 0px 10px; padding: 0px; text-align: justify;\">Chương 14: C&aacute;ch chuẩn bị cho b&agrave;i Ted talk của bạn</p>\r\n<p style=\"box-sizing: border-box; margin: 0px 0px 10px; padding: 0px; text-align: justify;\">Chương 15: C&aacute;ch tr&igrave;nh b&agrave;y một b&agrave;i Ted talk hấp dẫn</p>\r\n<p style=\"box-sizing: border-box; margin: 0px 0px 10px; padding: 0px; text-align: justify;\">Chương 16: T&oacute;m lược: C&aacute;ch tạo ra những slide chuẩn Ted</p>\r\n<div style=\"box-sizing: border-box; margin: 0px; padding: 0px; clear: both;\">&nbsp;</div>\r\n</div>\r\n<div id=\"desc_viewmore\" class=\"desc_viewmore\" style=\"box-sizing: border-box; margin: 0px; position: absolute; cursor: pointer; width: calc(100% - 15px); height: 45px; bottom: 0px; font-size: 13px; text-align: center; background: linear-gradient(rgba(255, 255, 255, 0.4) 0px, rgba(255, 255, 255, 0.6) 28%, #ffffff 64%, #ffffff 100%); color: #333333; font-family: sans-serif; padding: 20px 0px 0px !important;\">&nbsp;</div>'),(113,3,23,'NHỮNG KẺ XUẤT CHÚNG (TÁI BẢN 2019)','KT06',250,'image_184254.jpg',107000,107000,'1','<p style=\"box-sizing: border-box; margin: 0px 0px 10px -7.1pt; padding: 0px; color: #333333; font-family: sans-serif; font-size: 13px; text-align: justify;\">uốn s&aacute;ch<strong style=\"box-sizing: border-box; margin: 0px; padding: 0px; font-family: Arial, Helvetica, sans-serif;\">&nbsp;Những kẻ xuất ch&uacute;ng&nbsp;</strong>sẽ gi&uacute;p bạn t&igrave;m ra c&acirc;u trả lời th&ocirc;ng qua c&aacute;c ph&acirc;n t&iacute;ch về x&atilde; hội, văn h&oacute;a v&agrave; thế hệ của những nh&acirc;n vật kiệt xuất như Bill Gates, Beatles v&agrave; Mozart, b&ecirc;n cạnh những thất bại đ&aacute;ng kinh ngạc của một số người kh&aacute;c (v&iacute; dụ: Christopher Langan, người c&oacute; chỉ số IQ cao hơn Einstein nhưng rốt cuộc lại quay về l&agrave;m việc trong một trại ngựa). Theo đ&oacute;, c&ugrave;ng với t&agrave;i năng v&agrave; tham vọng, những người th&agrave;nh c&ocirc;ng đều được thừa hưởng một cơ hội đặt biệt để r&egrave;n luyện kỹ năng v&agrave; cho ph&eacute;p họ vượt l&ecirc;n những người c&ugrave;ng trang lứa.</p>\r\n<p style=\"box-sizing: border-box; margin: 0px 0px 10px -7.1pt; padding: 0px; color: #333333; font-family: sans-serif; font-size: 13px; text-align: justify;\">Với giọng văn l&ocirc;i cuốn v&agrave; c&aacute;ch kể chuyện hết sức c&oacute; duy&ecirc;n, Malcolm Gladwell cũng viện dẫn rất nhiều giai thoại th&uacute; vị như tại sao phần lớn c&aacute;c cậu b&eacute; giỏi m&ocirc;n kh&uacute;c c&ocirc;n cầu lại sinh v&agrave;o th&aacute;ng một, tại sao con c&aacute;i của những người Do Th&aacute;i nhập cư lại trở th&agrave;nh những luật sư quyền lực nhất New York, tại sao truyền thống văn h&oacute;a của nền n&ocirc;ng nghiệp l&uacute;a nước lại c&oacute; thể gi&uacute;p trẻ em ch&acirc;u &Aacute; giỏi to&aacute;n... Nhưng kh&ocirc;ng chỉ c&oacute; thế. Th&ocirc;ng qua những v&iacute; dụ n&agrave;y, Gladwell muốn b&agrave;n luận về những con đường phức tạp dẫn đến th&agrave;nh c&ocirc;ng của con người.</p>\r\n<p style=\"box-sizing: border-box; margin: 0px 0px 10px -7.1pt; padding: 0px; color: #333333; font-family: sans-serif; font-size: 13px; text-align: justify;\">Th&aacute;ch thức niềm tin về &ldquo;con người tự lực&rdquo;, t&aacute;c giả quả quyết rằng c&aacute;c vĩ nh&acirc;n kh&ocirc;ng tự dưng m&agrave; c&oacute;, cũng kh&ocirc;ng được th&uacute;c đẩy bởi thi&ecirc;n t&agrave;i hay t&agrave;i năng. Họ l&agrave; những người được hưởng một &ldquo;lợi thế v&ocirc; h&igrave;nh&rdquo; v&agrave; cơ hội kh&aacute;c thường từ m&ocirc;i trường v&agrave; ho&agrave;n cảnh, nhờ đ&oacute; họ vươn tới những đỉnh cao m&agrave; người kh&aacute;c kh&ocirc;ng thể đạt được. Theo &ocirc;ng, &ldquo;một v&agrave;i người xứng đ&aacute;ng với điều đ&oacute;, một v&agrave;i người kh&aacute;c th&igrave; kh&ocirc;ng, một số người tạo ra th&agrave;nh c&ocirc;ng, một số đơn giản l&agrave; do may mắn&rdquo;.</p>'),(114,3,2,'TỪ TỐT ĐẾN VĨ ĐẠI - JIM COLLINS (TÁI BẢN 2019)','KT07',200,'nxbtre_full_06372017_103735.jpg',125000,100000,'1','<p style=\"box-sizing: border-box; margin: 0px 0px 10px; padding: 0px; color: #333333; font-family: sans-serif; font-size: 13px; text-align: justify;\"><span style=\"box-sizing: border-box; margin: 0px; padding: 0px;\">Từ Tốt Đến Vĩ Đại</span></p>\r\n<p style=\"box-sizing: border-box; margin: 0px 0px 10px; padding: 0px; color: #333333; font-family: sans-serif; font-size: 13px; text-align: justify;\"><span style=\"box-sizing: border-box; margin: 0px; padding: 0px;\">Jim Collins c&ugrave;ng nh&oacute;m nghi&ecirc;n cứu đ&atilde; miệt m&agrave;i nghi&ecirc;n cứu những c&ocirc;ng ty c&oacute; bước nhảy vọt v&agrave; bền vững để r&uacute;t ra những kết luận s&aacute;t sườn, những yếu tố cần k&iacute;p để đưa c&ocirc;ng ty từ tốt đến vĩ đại. Đ&oacute; l&agrave; những yếu tố khả năng l&atilde;nh đạo, con người, văn h&oacute;a, kỷ luật, c&ocirc;ng nghệ&hellip; Những yếu tố n&agrave;y được nh&oacute;m nghi&ecirc;n cứu xem x&eacute;t tỉ mỉ v&agrave; kiểm chứng cụ thể qua 11 c&ocirc;ng ty nhảy vọt l&ecirc;n vĩ đại. Mỗi kết luận của nh&oacute;m nghi&ecirc;n cứu đều hữu &iacute;ch, vượt thời gian, &yacute; nghĩa v&ocirc; c&ugrave;ng to lớn đối với mọi l&atilde;nh đạo v&agrave; quản l&yacute; ở mọi loại h&igrave;nh c&ocirc;ng ty (từ c&ocirc;ng ty c&oacute; nền tảng v&agrave; xuất ph&aacute;t tốt đến những c&ocirc;ng ty mới khởi nghiệp), v&agrave; mọi lĩnh vực ng&agrave;nh nghề. Đ&acirc;y l&agrave; cuốn s&aacute;ch n&ecirc;n đọc đối với bất kỳ l&atilde;nh đạo hay quản l&yacute; n&agrave;o!</span></p>'),(115,3,24,'NGHĨ GIÀU & LÀM GIÀU (TÁI BẢN)','KT08',200,'untitled_2_5.jpg',87500,87500,'1','<p style=\"box-sizing: border-box; margin: 0px 0px 10px; padding: 0px; color: #333333; font-family: sans-serif; font-size: 13px; text-align: justify;\">Nghĩ Gi&agrave;u &amp; L&agrave;m Gi&agrave;u (T&aacute;i Bản) -&nbsp;<em style=\"box-sizing: border-box; margin: 0px; padding: 0px;\">(T&aacute;i bản của cuốn \"C&aacute;ch Nghĩ Để Th&agrave;nh C&ocirc;ng\")</em></p>\r\n<p style=\"box-sizing: border-box; margin: 0px 0px 10px; padding: 0px; color: #333333; font-family: sans-serif; font-size: 13px; text-align: justify;\"><strong style=\"box-sizing: border-box; margin: 0px; padding: 0px; font-family: Arial, Helvetica, sans-serif;\"><span style=\"box-sizing: border-box; margin: 0px; padding: 0px; color: #ff0000;\"><em style=\"box-sizing: border-box; margin: 0px; padding: 0px;\">****Lưu &yacute;: B&igrave;a Giao Ngẫu Nhi&ecirc;n</em></span></strong></p>\r\n<p style=\"box-sizing: border-box; margin: 0px 0px 10px; padding: 0px; color: #333333; font-family: sans-serif; font-size: 13px; text-align: justify;\">Think and Grow Rich - Nghĩ gi&agrave;u v&agrave; L&agrave;m gi&agrave;u l&agrave; một trong những cuốn s&aacute;ch b&aacute;n chạy nhất mọi thời đại. Đ&atilde; hơn 60 triệu bản được ph&aacute;t h&agrave;nh với gần trăm ng&ocirc;n ngữ tr&ecirc;n to&agrave;n thế giới v&agrave; được c&ocirc;ng nhận l&agrave; cuốn s&aacute;ch tạo ra nhiều triệu ph&uacute; hơn, một cuốn s&aacute;ch truyền cảm hứng th&agrave;nh c&ocirc;ng nhiều hơn bất cứ cuốn s&aacute;ch kinh doanh n&agrave;o trong lịch sử. T&aacute;c phẩm n&agrave;y đ&atilde; gi&uacute;p t&aacute;c giả của n&oacute;, Napoleon Hill, được t&ocirc;n vinh bằng danh hiệu &ldquo;người tạo ra những nh&agrave; triệu ph&uacute;&rdquo;. Đ&acirc;y cũng l&agrave; cuốn s&aacute;ch hiếm hoi được đứng trong top của rất nhiều b&igrave;nh chọn theo nhiều ti&ecirc;u ch&iacute; kh&aacute;c nhau - b&igrave;nh chọn của độc giả, của giới chuy&ecirc;n m&ocirc;n, của b&aacute;o ch&iacute;. L&yacute; do để Think and Grow Rich - Nghĩ gi&agrave;u v&agrave; L&agrave;m gi&agrave;u c&oacute; được vinh quang n&agrave;y thật hiển nhi&ecirc;n v&agrave; dễ hiểu: Bằng việc đọc v&agrave; &aacute;p dụng những phương ph&aacute;p đơn giản, c&ocirc; đọng n&agrave;y v&agrave;o đời sống của mỗi c&aacute; nh&acirc;n m&agrave; đ&atilde; c&oacute; h&agrave;ng ng&agrave;n người tr&ecirc;n thế giới trở th&agrave;nh triệu ph&uacute; v&agrave; th&agrave;nh c&ocirc;ng bền vững.</p>\r\n<p style=\"box-sizing: border-box; margin: 0px 0px 10px; padding: 0px; color: #333333; font-family: sans-serif; font-size: 13px; text-align: justify;\">Điều th&uacute; vị nhất l&agrave; c&aacute;c b&iacute; quyết n&agrave;y c&oacute; thể được hiểu v&agrave; &aacute;p dụng bởi bất kỳ một người b&igrave;nh thường n&agrave;o, hoạt động trong bất cứ lĩnh vực n&agrave;o. Qua hơn 70 năm tồn tại, những đ&uacute;c kết về th&agrave;nh c&ocirc;ng của Napoleon Hill đến nay vẫn kh&ocirc;ng hề bị lỗi thời, ngược lại, thời gian ch&iacute;nh l&agrave; minh chứng sống động cho t&iacute;nh đ&uacute;ng đắn của những b&iacute; quyết m&agrave; &ocirc;ng chia sẻ. Sinh ra trong một gia đ&igrave;nh ngh&egrave;o v&ugrave;ng T&acirc;y Virginia, con đường th&agrave;nh c&ocirc;ng của Napoleon Hill cũng trải qua nhiều thăng trầm. Khởi đầu bằng ch&acirc;n cộng t&aacute;c vi&ecirc;n cho một tờ b&aacute;o địa phương l&uacute;c 15 tuổi, đến năm 19 tuổi Hill trở th&agrave;nh nh&agrave; quản l&yacute; mỏ than trẻ tuổi nhất, sau đ&oacute; bỏ ngang để theo đuổi ng&agrave;nh luật. Napoleon Hill c&ograve;n kinh qua nhiều nghề như kinh doanh gỗ, xe hơi, viết b&aacute;o về kinh doanh&hellip; Đ&oacute; l&agrave; những c&ocirc;ng việc &ocirc;ng từng nếm trải trước khi 25 tuổi! Song kh&aacute;c với những người th&agrave;nh đạt kh&aacute;c, &ocirc;ng cẩn thận ph&acirc;n t&iacute;ch từng sự kiện trọng đại trong đời m&igrave;nh, r&uacute;t ra những b&agrave;i học, rồi tiếp tục r&uacute;t gọn ch&uacute;ng th&agrave;nh c&aacute;c nguy&ecirc;n tắc căn bản, tổ chức c&aacute;c nguy&ecirc;n tắc ấy th&agrave;nh triết l&yacute; sống v&agrave; r&egrave;n luyện...</p>\r\n<p style=\"box-sizing: border-box; margin: 0px 0px 10px; padding: 0px; color: #333333; font-family: sans-serif; font-size: 13px; text-align: justify;\">Cơ hội đặc biệt đ&atilde; đến với Hill trong một lần phỏng vấn để viết về ch&acirc;n dung Andrew Carnegie - &ocirc;ng &ldquo;vua th&eacute;p&rdquo; huyền thoại của Mỹ đ&atilde; đi l&ecirc;n từ hai b&agrave;n tay trắng. Từ lần phỏng vấn đ&oacute;, Napoleon Hill c&oacute; dịp tiếp cận với những con người th&agrave;nh đạt v&agrave; c&oacute; quyền lực nhất tại Mỹ để t&igrave;m hiểu v&agrave; học hỏi những b&iacute; quyết th&agrave;nh c&ocirc;ng của họ, trong thế so s&aacute;nh v&agrave; kiểm chứng với những c&ocirc;ng thức th&agrave;nh c&ocirc;ng của Andrew Carnegie. &Ocirc;ng muốn qua đ&oacute; c&oacute; thể đ&uacute;c kết v&agrave; viết n&ecirc;n một cuốn s&aacute;ch ghi lại những b&iacute; quyết gi&uacute;p biến c&aacute;c c&aacute; nh&acirc;n b&igrave;nh thường th&agrave;nh những người th&agrave;nh c&ocirc;ng trong x&atilde; hội.</p>\r\n<p style=\"box-sizing: border-box; margin: 0px 0px 10px; padding: 0px; color: #333333; font-family: sans-serif; font-size: 13px; text-align: justify;\">Để thực hiện cuốn s&aacute;ch n&agrave;y, Napoleon Hill d&agrave;nh hầu như to&agrave;n bộ thời gian v&agrave; c&ocirc;ng sức trong suốt gần ba mươi năm để phỏng vấn hơn 500 người nổi tiếng v&agrave; th&agrave;nh c&ocirc;ng nhất trong nhiều lĩnh vực kh&aacute;c nhau, c&ugrave;ng h&agrave;ng ng&agrave;n doanh nh&acirc;n kh&aacute;c - cả những kẻ thất bại v&agrave; những người th&agrave;nh c&ocirc;ng. Kết quả của những nghi&ecirc;n cứu kh&ocirc;ng mệt mỏi đ&oacute; l&agrave; Think and Grow Rich - Nghĩ gi&agrave;u v&agrave; L&agrave;m gi&agrave;u - c&ocirc;ng thức, hay &ldquo;cẩm nang&rdquo; để trở th&agrave;nh vượt trội v&agrave; được x&atilde; hội nể trọng. Cuốn s&aacute;ch cũng đưa Napoleon Hill v&agrave;o danh s&aacute;ch một trong những t&aacute;c giả c&oacute; t&aacute;c phẩm b&aacute;n chạy nhất thế giới từ trước đến nay. Được viết ra từ v&ocirc; số những c&acirc;u chuyện c&oacute; thật, t&aacute;c phẩm c&oacute; một sức thuyết phục v&agrave; lay động rất lớn. Bạn kh&ocirc;ng chỉ được biết b&iacute; quyết về sự th&agrave;nh c&ocirc;ng của c&aacute;c t&ecirc;n tuổi như Edison - nh&agrave; ph&aacute;t minh lỗi lạc m&agrave; thời gian r&egrave;n luyện trong trường học chỉ&hellip; vỏn vẹn 3 th&aacute;ng; như Henry Ford - người bị coi l&agrave; kh&ocirc;ng c&oacute; học vấn nhưng đ&atilde; trở th&agrave;nh &ocirc;ng tr&ugrave;m trong nền c&ocirc;ng nghiệp xe hơi với một gia t&agrave;i kếch x&ugrave;&hellip; m&agrave; c&ograve;n của rất nhiều c&aacute; nh&acirc;n trong nhiều lĩnh vực kh&aacute;c nhau đ&atilde; đi l&ecirc;n từ con số kh&ocirc;ng.</p>\r\n<p style=\"box-sizing: border-box; margin: 0px 0px 10px; padding: 0px; color: #333333; font-family: sans-serif; font-size: 13px; text-align: justify;\">Think and Grow Rich - Nghĩ gi&agrave;u v&agrave; L&agrave;m gi&agrave;u l&agrave; cuốn s&aacute;ch đầu ti&ecirc;n đưa ra triết l&yacute; th&agrave;nh đạt - một triết l&yacute; đầy đủ v&agrave; to&agrave;n diện về th&agrave;nh c&ocirc;ng của c&aacute; nh&acirc;n, đồng thời cung cấp cho bạn phương ph&aacute;p để tạo một &yacute; thức th&agrave;nh c&ocirc;ng cũng như đưa ra kế hoạch sơ bộ v&agrave; chi tiết để đạt được th&agrave;nh c&ocirc;ng đ&oacute;. C&aacute;c b&iacute; quyết th&agrave;nh c&ocirc;ng được đề cập đến trong cuốn s&aacute;ch n&agrave;y c&oacute; thể được đ&uacute;c kết ngắn gọn: tất cả bắt nguồn từ c&aacute;ch nghĩ. Do đ&oacute;, cuốn s&aacute;ch n&agrave;y kh&ocirc;ng chỉ thay đổi những điều bạn nghĩ m&agrave; c&ograve;n c&oacute; thể thay đổi cả c&aacute;ch nghĩ của bạn; kh&ocirc;ng dừng lại ở việc chỉ ra cho bạn thấy bạn phải l&agrave;m g&igrave; m&agrave; c&ograve;n vạch cho bạn biết phải l&agrave;m điều đ&oacute; như thế n&agrave;o để đạt được kh&aacute;t vọng của m&igrave;nh. Ra mắt bạn đọc với phi&ecirc;n bản cao cấp lần n&agrave;y, cuốn s&aacute;ch thay đổi nhiều về h&igrave;nh thức thiết kế b&igrave;a cứng, m&agrave;u n&acirc;u đen, chữ v&agrave;ng &aacute;nh kim dập nổi sang trọng, tinh tế.</p>'),(116,5,24,'ĐẮC NHÂN TÂM (KHỔ LỚN) (TÁI BẢN 2016)','KNS01',200,'dac_nhan_tam_kho_lon_tai_ban_2016_1_2018_07_05_14_30_27.jpg',54000,50000,'1','<p style=\"box-sizing: border-box; margin: 0px 0px 10px; padding: 0px; color: #333333; font-family: sans-serif; font-size: 13px; text-align: justify;\"><span style=\"box-sizing: border-box; margin: 0px; padding: 0px;\">Đắc Nh&acirc;n T&acirc;m - Được l&ograve;ng người</span>, l&agrave; cuốn s&aacute;ch đưa ra c&aacute;c lời khuy&ecirc;n về c&aacute;ch thức cư xử, ứng xử v&agrave; giao tiếp với mọi người để đạt được th&agrave;nh c&ocirc;ng trong cuộc sống. Gần 80 năm kể từ khi ra đời, Đắc Nh&acirc;n T&acirc;m l&agrave; cuốn s&aacute;ch gối đầu giường của nhiều thế hệ lu&ocirc;n muốn ho&agrave;n thiện ch&iacute;nh m&igrave;nh để vươn tới một cuộc sống tốt đẹp v&agrave; th&agrave;nh c&ocirc;ng.</p>\r\n<p style=\"box-sizing: border-box; margin: 0px 0px 10px; padding: 0px; color: #333333; font-family: sans-serif; font-size: 13px; text-align: justify;\"><span style=\"box-sizing: border-box; margin: 0px; padding: 0px;\">Đắc Nh&acirc;n T&acirc;m&nbsp;</span>cụ thể v&agrave; chi tiết với những chỉ dẫn để dẫn đạo người, để g&acirc;y thiện cảm v&agrave; dẫn dắt người kh&aacute;c,... những hướng dẫn ấy, qua thời gian, c&oacute; thể kh&ocirc;ng c&ograve;n th&iacute;ch hợp trong cuộc sống hiện đại nhưng nếu người đọc c&oacute; thể cảm v&agrave; hiểu được những th&ocirc;ng điệp t&aacute;c giả muốn truyền đạt th&igrave; việc &aacute;p dụng n&oacute; v&agrave;o cuộc sống trở n&ecirc;n dễ d&agrave;ng v&agrave; hiệu quả.</p>\r\n<p style=\"box-sizing: border-box; margin: 0px 0px 10px; padding: 0px; color: #333333; font-family: sans-serif; font-size: 13px; text-align: justify;\"><span style=\"box-sizing: border-box; margin: 0px; padding: 0px;\">Đắc Nh&acirc;n T&acirc;m</span>, từ một cuốn s&aacute;ch, h&ocirc;m nay đ&atilde; trở th&agrave;nh một danh từ để chỉ một lối sống m&agrave; ở đ&oacute; con người ta cư xử linh hoạt v&agrave; thấu t&igrave;nh đạt l&yacute;. L&yacute; thuyết mu&ocirc;n thuở vẫn l&agrave; những quy tắc chết, nhưng Nh&acirc;n T&acirc;m l&agrave; sống, l&agrave; biến đổi. Bạn h&atilde;y thử đọc \"Đắc Nh&acirc;n t&acirc;m\" v&agrave; tự m&igrave;nh chi&ecirc;m nghiệm những c&aacute;i đang diễn ra trong đời thực hiện hữu, chắc chắn bạn sẽ c&oacute; những b&agrave;i học cho ri&ecirc;ng m&igrave;nh.</p>\r\n<p style=\"box-sizing: border-box; margin: 0px 0px 10px; padding: 0px; color: #333333; font-family: sans-serif; font-size: 13px; text-align: justify;\"><span style=\"box-sizing: border-box; margin: 0px; padding: 0px;\">Đắc Nh&acirc;n T&acirc;</span>m l&agrave; nghệ thuật thu phục l&ograve;ng người, l&agrave; l&agrave;m cho tất cả mọi người y&ecirc;u mến m&igrave;nh. \"Đắc nh&acirc;n t&acirc;m\" v&agrave; c&aacute;i T&agrave;i trong mỗi người ch&uacute;ng ta. \"Đắc Nh&acirc;n T&acirc;m\" trong &yacute; nghĩa đ&oacute; cần được thụ đắc bằng sự hiểu r&otilde; bản th&acirc;n, th&agrave;nh thật với ch&iacute;nh m&igrave;nh, hiểu biết v&agrave; quan t&acirc;m đến những người xung quanh để nh&igrave;n ra v&agrave; khơi gợi những tiềm năng ẩn khuất nơi họ, gi&uacute;p họ ph&aacute;t triển l&ecirc;n một tầm cao mới. Đ&acirc;y ch&iacute;nh l&agrave; nghệ thuật cao nhất về con người v&agrave; ch&iacute;nh l&agrave; &yacute; nghĩa s&acirc;u sắc nhất đ&uacute;c kết từ những nguy&ecirc;n tắc v&agrave;ng của Dale Carnegie.S&aacute;ch đ&atilde; được chuyển ngữ sang hầu hết c&aacute;c thứ tiếng tr&ecirc;n thế giới v&agrave; c&oacute; mặt ở h&agrave;ng trăm quốc gia. Đ&acirc;y l&agrave; cuốn s&aacute;ch li&ecirc;n tục đứng đầu danh mục s&aacute;ch b&aacute;n chạy nhất do thời b&aacute;o NewYork Times b&igrave;nh chọn suốt 10 năm liền.</p>\r\n<p style=\"box-sizing: border-box; margin: 0px 0px 10px; padding: 0px; color: #333333; font-family: sans-serif; font-size: 13px; text-align: justify;\">T&aacute;c phẩm c&oacute; sức lan toả v&ocirc; c&ugrave;ng rộng lớn - d&ugrave;&nbsp; bạn đi đến bất cứ đ&acirc;u, bất kỳ quốc gia n&agrave;o cũng đều c&oacute; thể nh&igrave;n thấy. T&aacute;c phẩm được đ&aacute;nh gi&aacute; l&agrave; cuốn s&aacute;ch đầu ti&ecirc;n v&agrave; hay nhất trong thể loại n&agrave;y, c&oacute; ảnh hưởng thay đổi cuộc đời đối với h&agrave;ng triệu người tr&ecirc;n thế giới.</p>'),(117,5,25,'TÂM LÝ HỌC - KHÁI LƯỢC NHỮNG TƯ TƯỞNG LỚN','KNS02',100,'image_189077.jpg',58000,54000,'1','<p style=\"box-sizing: border-box; margin: 0px 0px 10px; padding: 0px; color: #333333; font-family: sans-serif; font-size: 13px; text-align: justify;\">Ta c&oacute; thực sự l&agrave; những c&aacute; nh&acirc;n tự do với bản sắc ri&ecirc;ng&hellip; hay tất cả ch&uacute;ng ta đều chỉ biết tu&acirc;n phục số đ&ocirc;ng? Thi&ecirc;n t&agrave;i l&agrave; nhờ dưỡng dục hay tự nhi&ecirc;n? V&ocirc; thức điều khiển ch&uacute;ng ta như thế n&agrave;o? Những c&acirc;u hỏi như tr&ecirc;n ch&iacute;nh l&agrave; tiền đề cho c&aacute;c c&ocirc;ng tr&igrave;nh của nhiều tư tưởng gia v&agrave; khoa học gia lớn của thế giới, trong một lĩnh vực gi&agrave;u sức l&ocirc;i cuốn, đ&oacute; l&agrave; t&acirc;m l&iacute; học.</p>\r\n<p style=\"box-sizing: border-box; margin: 0px 0px 10px; padding: 0px; color: #333333; font-family: sans-serif; font-size: 13px; text-align: justify;\">Với văn phong dễ hiểu v&agrave; s&aacute;ng sủa,&nbsp;<em style=\"box-sizing: border-box; margin: 0px; padding: 0px;\">T&acirc;m l&iacute; học &ndash; Kh&aacute;i lược những tư tưởng lớn&nbsp;</em>l&agrave; tập hợp những b&agrave;i viết ngắn gọn h&agrave;m s&uacute;c giải th&iacute;ch r&otilde; những điều kh&oacute; hiểu, những sơ đồ gi&uacute;p l&agrave;m s&aacute;ng tỏ những l&iacute; thuyết rối rắm, những tr&iacute;ch dẫn dễ nhớ, c&ugrave;ng những minh họa d&iacute; dỏm gi&uacute;p ch&uacute;ng ta chơi đ&ugrave;a với những kiến thức nền tảng về t&acirc;m l&iacute; học.</p>'),(118,5,25,'CẢM XÚC LÀ KẺ THÙ SỐ MỘT CỦA THÀNH CÔNG 2 ','KNS03',200,'fffffffffffffff_1_3.jpg',25000,198000,'1','<p style=\"box-sizing: border-box; margin: 0px 0px 10px; padding: 0px; color: #333333; font-family: sans-serif; font-size: 13px; text-align: justify;\"><strong style=\"box-sizing: border-box; margin: 0px; padding: 0px; font-family: Arial, Helvetica, sans-serif;\">Cảm X&uacute;c L&agrave; Kẻ Th&ugrave; Số Một Của Th&agrave;nh C&ocirc;ng 2</strong></p>\r\n<p style=\"box-sizing: border-box; margin: 0px 0px 10px; padding: 0px; color: #333333; font-family: sans-serif; font-size: 13px; text-align: justify;\"><strong style=\"box-sizing: border-box; margin: 0px; padding: 0px; font-family: Arial, Helvetica, sans-serif;\"><em style=\"box-sizing: border-box; margin: 0px; padding: 0px;\">L&agrave;m thế n&agrave;o để c&oacute; nhiều tiền?; Phụ nữ cần được y&ecirc;u, đ&agrave;n &ocirc;ng cần được hiểu; Thắng được m&igrave;nh th&igrave; hết kẻ th&ugrave;; Đường đến Th&agrave;nh C&ocirc;ng.</em></strong></p>\r\n<p style=\"box-sizing: border-box; margin: 0px 0px 10px; padding: 0px; color: #333333; font-family: sans-serif; font-size: 13px; text-align: justify;\"><strong style=\"box-sizing: border-box; margin: 0px; padding: 0px; font-family: Arial, Helvetica, sans-serif;\">Qu&agrave; Tặng Bao Gồm:</strong></p>\r\n<p style=\"box-sizing: border-box; margin: 0px 0px 10px; padding: 0px; color: #333333; font-family: sans-serif; font-size: 13px; text-align: justify;\"><strong style=\"box-sizing: border-box; margin: 0px; padding: 0px; font-family: Arial, Helvetica, sans-serif;\">- S&aacute;ch K&egrave;m Chữ K&yacute; T&aacute;c Giả</strong></p>\r\n<p style=\"box-sizing: border-box; margin: 0px 0px 10px; padding: 0px; color: #333333; font-family: sans-serif; font-size: 13px; text-align: justify;\"><strong style=\"box-sizing: border-box; margin: 0px; padding: 0px; font-family: Arial, Helvetica, sans-serif;\">- Sổ Tay c&oacute; h&igrave;nh ảnh v&agrave; tr&iacute;ch dẫn một số c&acirc;u n&oacute;i của&nbsp;<span style=\"box-sizing: border-box; margin: 0px; padding: 0px;\">TS L&ecirc; Thẩm Dương</span></strong></p>\r\n<p style=\"box-sizing: border-box; margin: 0px 0px 10px; padding: 0px; color: #333333; font-family: sans-serif; font-size: 13px; text-align: justify;\"><strong style=\"box-sizing: border-box; margin: 0px; padding: 0px; font-family: Arial, Helvetica, sans-serif;\">- 2 Bưu Thiếp Lịch Năm Canh T&yacute; 2020 c&oacute; chữ k&yacute; tặng của TS L&ecirc; Thẩm Dương</strong></p>\r\n<p style=\"box-sizing: border-box; margin: 0px 0px 10px; padding: 0px; color: #333333; font-family: sans-serif; font-size: 13px; text-align: justify;\"><em style=\"box-sizing: border-box; margin: 0px; padding: 0px;\">(H&agrave; Nội, 22/10/2019)&nbsp;</em>Hiện tượng xuất bản &ldquo;Cảm x&uacute;c l&agrave; kẻ th&ugrave; số một của th&agrave;nh c&ocirc;ng&rdquo;- cuốn s&aacute;ch được b&aacute;n nhiều nhất của TS L&ecirc; Thẩm Dương - sẽ c&oacute; phần 2 v&agrave;o trung tuần th&aacute;ng 11/2019.</p>\r\n<p style=\"box-sizing: border-box; margin: 0px 0px 10px; padding: 0px; color: #333333; font-family: sans-serif; font-size: 13px; text-align: justify;\">Theo TS L&ecirc; Thẩm Dương, &ldquo;Cảm x&uacute;c l&agrave; kẻ th&ugrave; số một của th&agrave;nh c&ocirc;ng 2&rdquo; sẽ l&agrave; một cuốn s&aacute;ch đặc biệt. Về nội dung, đ&acirc;y l&agrave; cuốn s&aacute;ch được &ocirc;ng viết nốt những điều t&acirc;m đắc nhưng chưa được xuất hiện trong c&aacute;c cuốn s&aacute;ch trước đ&acirc;y, v&iacute; dụ như t&agrave;i ch&iacute;nh c&aacute; nh&acirc;n, quản trị bản th&acirc;n, khởi nghiệp 4.0, kỹ năng l&atilde;nh đạo, kỹ năng giao tiếp, y&ecirc;u v&agrave; ghen thế n&agrave;o cho đ&uacute;ng... Tiếp theo, TS L&ecirc; Thẩm Dương quy nạp những kiến thức đ&atilde; từng viết trong những cuốn s&aacute;ch trước đ&acirc;y th&agrave;nh những b&agrave;i học rất dễ &aacute;p dụng, trong đ&oacute; c&oacute; một b&agrave;i học m&agrave; ai cũng muốn biết v&agrave; thực h&agrave;nh l&agrave; con đường để đến được TH&Agrave;NH C&Ocirc;NG... Về h&igrave;nh thức, đ&acirc;y l&agrave; cuốn s&aacute;ch đầu ti&ecirc;n c&oacute; c&aacute;c h&igrave;nh ảnh TS L&ecirc; Thẩm Dương được chụp trong studio chuy&ecirc;n nghiệp. Những h&igrave;nh ảnh &ocirc;ng cầm mic m&agrave; bạn đọc thường thấy trong c&aacute;c cuốn s&aacute;ch trước đ&acirc;y của &ocirc;ng sẽ kh&ocirc;ng xuất hiện trong cuốn s&aacute;ch n&agrave;y. Theo y&ecirc;u cầu của đ&ocirc;ng đảo bạn đọc, số lượng chữ trong mỗi trang s&aacute;ch cũng sẽ &iacute;t hơn v&agrave; được tr&igrave;nh b&agrave;y ấn tượng hơn. Cuốn s&aacute;ch được in m&agrave;u to&agrave;n bộ tr&ecirc;n giấy chất lượng cao để đem lại trải nghiệm tốt nhất cho bạn đọc về mặt thị gi&aacute;c. Về k&ecirc;nh ph&aacute;t h&agrave;nh, để bạn đọc kh&ocirc;ng phải mua nhầm s&aacute;ch giả, TS L&ecirc; Thẩm Dương chỉ chọn một đơn vị ph&aacute;t h&agrave;nh độc quyền cuốn s&aacute;ch n&agrave;y l&agrave; hệ thống nh&agrave; s&aacute;ch FAHASA v&agrave; trang thương mại điện tử FAHASA.COM. Với kinh nghiệm v&agrave; uy t&iacute;n ph&aacute;t h&agrave;nh s&aacute;ch l&acirc;u năm của đối t&aacute;c n&agrave;y, &ocirc;ng hy vọng bạn đọc sẽ được phục vụ tốt nhất.</p>\r\n<p style=\"box-sizing: border-box; margin: 0px 0px 10px; padding: 0px; color: #333333; font-family: sans-serif; font-size: 13px; text-align: justify;\">Nội dung s&aacute;ch &ldquo;Cảm x&uacute;c l&agrave; kẻ th&ugrave; số một của th&agrave;nh c&ocirc;ng 2&rdquo; gồm 4 phần ch&iacute;nh:&nbsp;<strong style=\"box-sizing: border-box; margin: 0px; padding: 0px; font-family: Arial, Helvetica, sans-serif;\"><em style=\"box-sizing: border-box; margin: 0px; padding: 0px;\">L&agrave;m thế n&agrave;o để c&oacute; nhiều tiền?; Phụ nữ cần được y&ecirc;u, đ&agrave;n &ocirc;ng cần được hiểu; Thắng được m&igrave;nh th&igrave; hết kẻ th&ugrave;; Đường đến Th&agrave;nh C&ocirc;ng.</em></strong></p>\r\n<p style=\"box-sizing: border-box; margin: 0px 0px 10px; padding: 0px; color: #333333; font-family: sans-serif; font-size: 13px; text-align: justify;\">Ngo&agrave;i ra, kh&aacute;ch h&agrave;ng đặt mua s&aacute;ch trong th&aacute;ng đầu ti&ecirc;n kể từ ng&agrave;y ra mắt s&aacute;ch tại hệ thống nh&agrave; s&aacute;ch của FAHASA v&agrave; trang thương mại điện tử FAHASA.COM sẽ được tặng 1 cuốn sổ tay c&oacute; h&igrave;nh ảnh v&agrave; tr&iacute;ch dẫn một số c&acirc;u n&oacute;i nổi tiếng của TS L&ecirc; Thẩm Dương.</p>\r\n<p style=\"box-sizing: border-box; margin: 0px 0px 10px; padding: 0px; color: #333333; font-family: sans-serif; font-size: 13px; text-align: justify;\">Nh&agrave; b&aacute;o Nguyễn Tuấn Anh &ndash; Thư k&yacute; To&agrave; soạn b&aacute;o&nbsp;<em style=\"box-sizing: border-box; margin: 0px; padding: 0px;\">Sinh Vi&ecirc;n Việt Nam,&nbsp;</em>Trưởng ban bi&ecirc;n soạn c&aacute;c cuốn s&aacute;ch của TS L&ecirc; Thẩm Dương - vẫn l&agrave; người chấp b&uacute;t cuốn s&aacute;ch n&agrave;y.</p>\r\n<p style=\"box-sizing: border-box; margin: 0px 0px 10px; padding: 0px; color: #333333; font-family: sans-serif; font-size: 13px; text-align: justify;\">Theo dự kiến, TS L&ecirc; Thẩm Dương sẽ c&oacute; c&aacute;c buổi k&yacute; tặng s&aacute;ch cho người h&acirc;m mộ tại H&agrave; Nội v&agrave; TP.HCM sau khi s&aacute;ch được ph&aacute;t h&agrave;nh.</p>\r\n<p style=\"box-sizing: border-box; margin: 0px 0px 10px; padding: 0px; color: #333333; font-family: sans-serif; font-size: 13px; text-align: justify;\">S&aacute;ch &ldquo;Cảm x&uacute;c l&agrave; kẻ th&ugrave; số một của th&agrave;nh c&ocirc;ng 2&rdquo; c&oacute; gi&aacute; b&igrave;a 250.000 đồng, gồm hơn 250 trang ruột m&agrave;u, b&igrave;a cứng, b&igrave;a &aacute;o, dự kiến được ph&aacute;t h&agrave;nh v&agrave;o trung tuần th&aacute;ng 11/2019 tại hệ thống nh&agrave; s&aacute;ch FAHASA tr&ecirc;n to&agrave;n quốc v&agrave; trang thương mại điện tử FAHASA.COM.</p>\r\n<p style=\"box-sizing: border-box; margin: 0px 0px 10px; padding: 0px; color: #333333; font-family: sans-serif; font-size: 13px; text-align: justify;\"><strong style=\"box-sizing: border-box; margin: 0px; padding: 0px; font-family: Arial, Helvetica, sans-serif;\">Th&ocirc;ng tin th&ecirc;m về t&aacute;c giả:</strong></p>\r\n<p style=\"box-sizing: border-box; margin: 0px 0px 10px; padding: 0px; color: #333333; font-family: sans-serif; font-size: 13px; text-align: justify;\">TS. L&ecirc; Thẩm Dương giảng dạy tại Học viện Ng&acirc;n h&agrave;ng (H&agrave; Nội) từ năm 1982, sau đ&oacute; chuyển c&ocirc;ng t&aacute;c đến trường Đại học Ng&acirc;n h&agrave;ng TP.HCM. Hiện &ocirc;ng l&agrave; Trưởng khoa T&agrave;i ch&iacute;nh, trường Đại học Ng&acirc;n h&agrave;ng TP.HCM. &Ocirc;ng cũng l&agrave; giảng vi&ecirc;n ch&iacute;nh chương tr&igrave;nh cấp chứng chỉ h&agrave;nh nghề của Uỷ ban Chứng kho&aacute;n Nh&agrave; nước, giảng vi&ecirc;n thỉnh giảng của nhiều tập đo&agrave;n, trường đạo học, chương tr&igrave;nh đ&agrave;o tạo... &Ocirc;ng l&agrave; kh&aacute;ch mời thường xuy&ecirc;n của nhiều diễn đ&agrave;n cấp quốc gia v&agrave; khu vực, nhiều chương tr&igrave;nh truyền h&igrave;nh uy t&iacute;n.</p>\r\n<p style=\"box-sizing: border-box; margin: 0px 0px 10px; padding: 0px; color: #333333; font-family: sans-serif; font-size: 13px; text-align: justify;\">TS L&ecirc; Thẩm Dương đ&atilde; c&oacute; 3 đầu s&aacute;ch được xuất bản v&agrave; đều l&agrave; s&aacute;ch best- seller:&nbsp;<strong style=\"box-sizing: border-box; margin: 0px; padding: 0px; font-family: Arial, Helvetica, sans-serif;\"><em style=\"box-sizing: border-box; margin: 0px; padding: 0px;\">Cảm x&uacute;c l&agrave; kẻ th&ugrave; số một của th&agrave;nh c&ocirc;ng, Người truyền cảm hứng, Hồi k&yacute; Tiến sĩ L&ecirc; Thẩm Dương.</em></strong></p>'),(119,6,25,'VÔ CÙNG TÀN NHẪN, VÔ CÙNG YÊU THƯƠNG (TÁI BẢN 2017)','BM01',100,'8935251405873.jpg',125000,120000,'1','<p style=\"box-sizing: border-box; margin: 0px 0px 10px; padding: 0px; color: #333333; font-family: sans-serif; font-size: 13px; text-align: justify;\">V&ocirc; C&ugrave;ng T&agrave;n Nhẫn, V&ocirc; C&ugrave;ng Y&ecirc;u Thương (T&aacute;i Bản 2017)</p>\r\n<p style=\"box-sizing: border-box; margin: 0px 0px 10px; padding: 0px; color: #333333; font-family: sans-serif; font-size: 13px; text-align: justify;\" align=\"LEFT\"><span style=\"box-sizing: border-box; margin: 0px; padding: 0px;\"><strong style=\"box-sizing: border-box; margin: 0px; padding: 0px; font-family: Arial, Helvetica, sans-serif;\">V&ocirc; c&ugrave;ng t&agrave;n nhẫn v&ocirc; c&ugrave;ng y&ecirc;u thương&nbsp;</strong>l&agrave; chấp b&uacute;t của một b&agrave; mẹ Do Th&aacute;i sinh ra v&agrave; lớn l&ecirc;n ở Thượng Hải, đ&atilde; bồi dưỡng con c&aacute;i của m&igrave;nh trở th&agrave;nh triệu ph&uacute;.</span></p>\r\n<p style=\"box-sizing: border-box; margin: 0px 0px 10px; padding: 0px; color: #333333; font-family: sans-serif; font-size: 13px; text-align: justify;\" align=\"LEFT\">Do Th&aacute;i l&agrave; một d&acirc;n tộc huyền b&iacute;, từng xuất hiện nhiều triết gia vĩ đại v&agrave; doanh nh&acirc;n th&agrave;nh c&ocirc;ng ở khắp mọi nơi tr&ecirc;n thế giới. Mặc d&ugrave; d&acirc;n số kh&ocirc;ng đ&ocirc;ng nhưng lại c&oacute; nguồn sức mạnh tiềm ẩn khổng lồ, chưa biết chừng c&ograve;n nắm giữ huyết mạch của cả thế giới.</p>\r\n<p style=\"box-sizing: border-box; margin: 0px 0px 10px; padding: 0px; color: #333333; font-family: sans-serif; font-size: 13px; text-align: justify;\" align=\"LEFT\">T&iacute;ch hợp phương ph&aacute;p gi&aacute;o dục của Trung Quốc v&agrave; Do Th&aacute;i, Sara cho rằng: &ldquo;Người n&agrave;o nu&ocirc;ng chiều con c&aacute;i, ắt c&oacute; ng&agrave;y người đ&oacute; phải băng b&oacute; vết thương cho con. Mềm mỏng l&agrave; hại, t&agrave;n nhẫn l&agrave; y&ecirc;u!&rdquo; B&agrave; cũng v&iacute; von: &ldquo;Một số cha mẹ Trung Quốc y&ecirc;u thương con giống h&igrave;nh tử cung, c&ograve;n c&aacute;c bậc cha mẹ Do Th&aacute;i y&ecirc;u thương con c&aacute;i như h&igrave;nh đống lửa.&rdquo;</p>\r\n<p style=\"box-sizing: border-box; margin: 0px 0px 10px; padding: 0px; color: #333333; font-family: sans-serif; font-size: 13px; text-align: justify;\" align=\"LEFT\">Gi&aacute;o dục con c&aacute;i l&agrave; một m&ocirc;n học, một nghệ thuật, m&agrave; tất cả mọi người đều phải học tập. Đ&aacute;ng thương cho tấm l&ograve;ng cha mẹ trong thi&ecirc;n hạ, nếu kh&ocirc;ng học c&aacute;ch nu&ocirc;i dạy con đ&uacute;ng đắn th&igrave; chắc chắn sẽ chuốc lấy hậu quả đ&aacute;ng sợ v&agrave; đ&aacute;ng hận. &ldquo;Con muốn học m&agrave; cha mẹ kh&ocirc;ng dạy&rdquo; cũng bi thương như &ldquo;con muốn nu&ocirc;i, m&agrave; cha mẹ chẳng c&ograve;n&rdquo;. Vậy cha mẹ cần dạy dỗ con một c&aacute;ch khoa học như thế n&agrave;o? Đ&oacute; l&agrave; một c&acirc;u hỏi v&agrave; cũng l&agrave; một vấn đề lớn c&oacute; li&ecirc;n quan mật thiết đến sự th&agrave;nh c&ocirc;ng hay thất bại của một người v&agrave; cũng như sự hưng thịnh hay suy tho&aacute;i của cả một d&acirc;n tộc.</p>'),(120,6,2,'CON NGHĨ ĐI, MẸ KHÔNG BIẾT (TÁI BẢN 2019)','BM02',500,'image_184772.jpg',189000,135000,'1','<p style=\"box-sizing: border-box; margin: 0px 0px 10px; padding: 0px; color: #333333; font-family: sans-serif; font-size: 13px; text-align: justify;\"><strong style=\"box-sizing: border-box; margin: 0px; padding: 0px; font-family: Arial, Helvetica, sans-serif;\">Con nghĩ đi, mẹ kh&ocirc;ng biết</strong>&nbsp;l&agrave; tập hợp những b&agrave;i viết được đ&oacute;n nhận nhiệt th&agrave;nh tr&ecirc;n Facebook của&nbsp;<strong style=\"box-sizing: border-box; margin: 0px; padding: 0px; font-family: Arial, Helvetica, sans-serif;\">Thu H&agrave; (Mẹ Xu-Sim)</strong>, rất nhiều b&agrave;i viết trong số đ&oacute; đ&atilde; từng được đăng tr&ecirc;n c&aacute;c b&aacute;o Tuổi trẻ, Thanh Ni&ecirc;n, Vnexpress, D&acirc;ntr&iacute;, V Nhưng kh&aacute;c với những d&ograve;ng chia sẻ tr&ecirc;n mạng x&atilde; hội, nội dung c&aacute;c b&agrave;i được chọn lọc hơn, c&oacute; chủ đ&iacute;ch hơn với giải ph&aacute;p để con tự lập v&agrave; mẹ tự do. Những b&agrave;i viết của&nbsp;<strong style=\"box-sizing: border-box; margin: 0px; padding: 0px; font-family: Arial, Helvetica, sans-serif;\">Thu H&agrave;</strong>&nbsp;sinh động, thiết thực v&igrave; đ&oacute; l&agrave; những trải nghiệm thật, ho&agrave;n to&agrave;n l&agrave; sự thật của một b&agrave; mẹ c&oacute; hai con đang trong tuổi ăn, tuổi học, cuả một ngưuời l&agrave;m việc với trẻ em li&ecirc;n tục suốt 20 năm, trong đ&oacute; c&oacute; 3 năm dạy học v&agrave; 17 năm l&agrave;m b&aacute;o tuổi teen.</p>\r\n<p style=\"box-sizing: border-box; margin: 0px 0px 10px; padding: 0px; color: #333333; font-family: sans-serif; font-size: 13px; text-align: justify;\">H&agrave;nh tr&igrave;nh lớn l&ecirc;n c&ugrave;ng con của b&agrave; mẹ n&agrave;y c&oacute; thể chạm tới tr&aacute;i tim của c&aacute;c &ocirc;ng bố b&agrave; mẹ kh&aacute;c c&oacute; lẽ l&agrave; bởi sự ch&acirc;n th&agrave;nh v&agrave; những chi&ecirc;m nghiệm thật như&nbsp; được r&uacute;t ra từ tim của người mẹ. Nhiều người y&ecirc;u mến chị bởi những triết l&yacute; gi&aacute;o dục h&agrave;n l&acirc;m được viết bằng lối kể chuyện giản dị, thực tế v&agrave; sống động. Đối tượng độc giả ch&iacute;nh của cuốn s&aacute;ch l&agrave; c&aacute;c &ocirc;ng bố- b&agrave; mẹ, nhưng c&aacute;c bạn trẻ vẫn c&oacute; thể đọc s&aacute;ch để hiểu hơn về phụ huynh m&igrave;nh, cũng l&agrave; một m&oacute;n qu&agrave; &yacute; nhị khi muốn &ldquo;nhắc kh&eacute;o&rdquo; bố mẹ rằng: &ldquo;con muốn tự lập&rdquo;.</p>\r\n<p style=\"box-sizing: border-box; margin: 0px 0px 10px; padding: 0px; color: #333333; font-family: sans-serif; font-size: 13px; text-align: justify;\">Đ&acirc;y l&agrave; một quyển s&aacute;ch của c&aacute;c gi&aacute; trị t&igrave;nh th&acirc;n m&agrave; ở đ&oacute; gi&aacute; trị gia đ&igrave;nh l&agrave; quan trọng hơn cả, c&aacute;c thế hệ trong gia đ&igrave;nh sẽ hiểu nhau hơn v&agrave; n&acirc;ng đỡ nhau để tạo ra sự dung h&ograve;a, truyền cảm hứng cho nhau sống t&iacute;ch cực mỗi ng&agrave;y.</p>\r\n<p style=\"box-sizing: border-box; margin: 0px 0px 10px; padding: 0px; color: #333333; font-family: sans-serif; font-size: 13px; text-align: justify;\"><strong style=\"box-sizing: border-box; margin: 0px; padding: 0px; font-family: Arial, Helvetica, sans-serif;\">Con nghĩ đi, mẹ kh&ocirc;ng biết!</strong>&nbsp;v&agrave; những th&ocirc;ng điệp:</p>\r\n<p style=\"box-sizing: border-box; margin: 0px 0px 10px; padding: 0px; color: #333333; font-family: sans-serif; font-size: 13px; text-align: justify;\">- Quyển s&aacute;ch &ldquo;Con nghĩ đi, mẹ kh&ocirc;ng biết!&rdquo; như một giải ph&aacute;p để con tự lập v&agrave; mẹ tự do. Tinh thần của quyển s&aacute;ch l&agrave; n&oacute;i kh&ocirc;ng với một thế hệ &ugrave; l&igrave; khi m&agrave; cha mẹ &ldquo;ủ&rdquo; con c&aacute;i qu&aacute; kỹ. Một quyển s&aacute;ch truyền cảm hứng cho c&aacute;c b&agrave; mẹ để con tự lập, v&agrave; tạo kh&ocirc;ng gian cũng như tinh thần thoải m&aacute;i nhất cho c&aacute;c b&agrave; mẹ khi nu&ocirc;i con, v&igrave; &ldquo;nu&ocirc;i con cũng l&agrave; một nghệ thuật&rdquo;.</p>\r\n<p style=\"box-sizing: border-box; margin: 0px 0px 10px; padding: 0px; color: #333333; font-family: sans-serif; font-size: 13px; text-align: justify;\">- Quyển s&aacute;ch l&agrave; tiếng n&oacute;i đồng cảm với những b&agrave; mẹ đang gặp những vấn đề khi nu&ocirc;i con bao gồm 3 phần:</p>\r\n<p style=\"box-sizing: border-box; margin: 0px 0px 10px; padding: 0px; color: #333333; font-family: sans-serif; font-size: 13px; text-align: justify;\">Phần 1: Khi con ch&uacute;ng ta ăn - &ldquo;H&atilde;y quẳng c&aacute;i c&acirc;n đi m&agrave; vui sống&rdquo;</p>\r\n<p style=\"box-sizing: border-box; margin: 0px 0px 10px; padding: 0px; color: #333333; font-family: sans-serif; font-size: 13px; text-align: justify;\">Phần 2: Khi con ch&uacute;ng ta học - &ldquo;Con nghĩ đi, mẹ kh&ocirc;ng biết!&rdquo;</p>\r\n<p style=\"box-sizing: border-box; margin: 0px 0px 10px; padding: 0px; color: #333333; font-family: sans-serif; font-size: 13px; text-align: justify;\">Phần 3: Vui sống c&ugrave;ng con - &ldquo;Sạc pin cho ch&iacute;nh m&igrave;nh&rdquo;</p>\r\n<p style=\"box-sizing: border-box; margin: 0px 0px 10px; padding: 0px; color: #333333; font-family: sans-serif; font-size: 13px; text-align: justify;\">- Quyển s&aacute;ch cũng l&agrave; qu&agrave; tặng của con c&aacute;i d&agrave;nh cho phụ huynh khi c&oacute; những t&acirc;m tư muốn b&agrave;y tỏ, để n&oacute;i với cha mẹ rằng: &ldquo;Con đ&atilde; trưởng th&agrave;nh, con đ&atilde; tự lập kh&ocirc;ng c&oacute; nghĩa l&agrave; con kh&ocirc;ng cần bố mẹ, kh&ocirc;ng ngừng y&ecirc;u bố mẹ như thời ấu thơ, chỉ l&agrave; con thể hiện kh&aacute;c hơn&rdquo;.</p>\r\n<p style=\"box-sizing: border-box; margin: 0px 0px 10px; padding: 0px; color: #333333; font-family: sans-serif; font-size: 13px; text-align: justify;\"><em style=\"box-sizing: border-box; margin: 0px; padding: 0px;\">\"Mẹ kh&ocirc;ng phải l&agrave; Mẹ- Biết &ndash; Tuốt. Con phải vận dụng đầu &oacute;c để tự giải quyết những vấn đề của m&igrave;nh. Con phải th&ocirc;ng cảm với những hạn chế của mẹ v&agrave; nh&acirc;n từ hơn với ch&iacute;nh m&igrave;nh.</em></p>\r\n<p style=\"box-sizing: border-box; margin: 0px 0px 10px; padding: 0px; color: #333333; font-family: sans-serif; font-size: 13px; text-align: justify;\"><em style=\"box-sizing: border-box; margin: 0px; padding: 0px;\">T&ocirc;i tin rằng khi m&igrave;nh c&agrave;ng bao bọc, con m&igrave;nh c&agrave;ng yếu đuối, c&agrave;ng vụng dại. Khi t&ocirc;i c&agrave;ng cố gắng cầu to&agrave;n, con t&ocirc;i c&agrave;ng bị &aacute;p lực. V&agrave; c&oacute; một điều chắc chắn: kh&ocirc;ng c&oacute; đứa con n&agrave;o hạnh ph&uacute;c b&ecirc;n một b&agrave; mẹ bất hạnh!</em></p>\r\n<p style=\"box-sizing: border-box; margin: 0px 0px 10px; padding: 0px; color: #333333; font-family: sans-serif; font-size: 13px; text-align: justify;\"><em style=\"box-sizing: border-box; margin: 0px; padding: 0px;\">Phải tung con ra bầu trời với nắng, gi&oacute; v&agrave; mưa v&agrave; b&atilde;o t&aacute; Phải d&aacute;m bu&ocirc;ng tay th&igrave; con mới lớn được!</em></p>\r\n<p style=\"box-sizing: border-box; margin: 0px 0px 10px; padding: 0px; color: #333333; font-family: sans-serif; font-size: 13px; text-align: justify;\"><em style=\"box-sizing: border-box; margin: 0px; padding: 0px;\">Đừng cắt đứt một c&aacute;nh tưởng tượng của con, đừng nhốt thi&ecirc;n thần trong c&aacute;i ao nhỏ chỉ c&oacute; hai mươi s&aacute;u chữ c&aacute;i qu&aacute; sớm.</em></p>\r\n<p style=\"box-sizing: border-box; margin: 0px 0px 10px; padding: 0px; color: #333333; font-family: sans-serif; font-size: 13px; text-align: justify;\"><em style=\"box-sizing: border-box; margin: 0px; padding: 0px;\">Kỹ năng quan trọng nhất để con sống s&oacute;t v&agrave; sống th&agrave;nh c&ocirc;ng tr&ecirc;n đời l&agrave; kết nối.</em></p>\r\n<p style=\"box-sizing: border-box; margin: 0px 0px 10px; padding: 0px; color: #333333; font-family: sans-serif; font-size: 13px; text-align: justify;\"><em style=\"box-sizing: border-box; margin: 0px; padding: 0px;\">Kh&ocirc;ng c&oacute; sức mạnh n&agrave;o mạnh bằng hiểu nhau v&agrave; hợp t&aacute;c. Nh&agrave; trường v&agrave; phụ huynh, d&ugrave; ưu việt tới mức n&agrave;o cũng kh&ocirc;ng thể đơn độc trong việc đ&agrave;o tạo con người.</em></p>\r\n<p style=\"box-sizing: border-box; margin: 0px 0px 10px; padding: 0px; color: #333333; font-family: sans-serif; font-size: 13px; text-align: justify;\"><em style=\"box-sizing: border-box; margin: 0px; padding: 0px;\">Con cao to vượt trội, th&ocirc;ng minh vượt trội, hẳn l&agrave; rất c&oacute; ưu thế! Nhưng giữ được cuộc sống vui vẻ v&agrave; tho&aacute;t khỏi những xiềng x&iacute;ch m&igrave;nh tự tr&oacute;i buộc mới thật l&agrave; hạnh ph&uacute;c. H&atilde;y tu&acirc;n thủ sự đa dạng của cuộc sống!</em></p>\r\n<p style=\"box-sizing: border-box; margin: 0px 0px 10px; padding: 0px; color: #333333; font-family: sans-serif; font-size: 13px; text-align: justify;\"><em style=\"box-sizing: border-box; margin: 0px; padding: 0px;\">L&agrave;m sao để con tự gi&aacute;c học? Chỉ cần ba mẹ tự gi&aacute;c học.</em></p>\r\n<p style=\"box-sizing: border-box; margin: 0px 0px 10px; padding: 0px; color: #333333; font-family: sans-serif; font-size: 13px; text-align: justify;\"><em style=\"box-sizing: border-box; margin: 0px; padding: 0px;\">L&agrave;m sao để con th&iacute;ch đọc s&aacute;ch? Chỉ cần ba mẹ th&iacute;ch đọc s&aacute;ch.</em></p>\r\n<p style=\"box-sizing: border-box; margin: 0px 0px 10px; padding: 0px; color: #333333; font-family: sans-serif; font-size: 13px; text-align: justify;\"><em style=\"box-sizing: border-box; margin: 0px; padding: 0px;\">L&agrave;m sao để con th&agrave;nh người tử tế? Chỉ cần ba mẹ lao động tử tế, sống đ&agrave;ng ho&agrave;ng trước mắt con mỗi ng&agrave;y.</em></p>\r\n<p style=\"box-sizing: border-box; margin: 0px 0px 10px; padding: 0px; color: #333333; font-family: sans-serif; font-size: 13px; text-align: justify;\"><em style=\"box-sizing: border-box; margin: 0px; padding: 0px;\">C&oacute; những điều m&igrave;nh cho l&agrave; m&igrave;nh đang y&ecirc;u con, đang sống v&igrave; con, th&igrave; ở ph&iacute;a người nhận, ở ph&iacute;a đứa con, n&oacute; lại kh&ocirc;ng phải l&agrave; như vậy!</em></p>\r\n<p style=\"box-sizing: border-box; margin: 0px 0px 10px; padding: 0px; color: #333333; font-family: sans-serif; font-size: 13px; text-align: justify;\"><em style=\"box-sizing: border-box; margin: 0px; padding: 0px;\">T&igrave;nh y&ecirc;u l&agrave; thời gian, thời gian bạn quan s&aacute;t con, lắng nghe n&oacute;, đi chơi c&ugrave;ng n&oacute;, học c&ugrave;ng n&oacute;, đồng h&agrave;nh c&ugrave;ng n&oacute;, l&agrave;m bạn với n&oacute;, lớn l&ecirc;n c&ugrave;ng n&oacute;. Con c&aacute;i cần nhất vẫn l&agrave; thời gian của ba mẹ!</em></p>\r\n<p style=\"box-sizing: border-box; margin: 0px 0px 10px; padding: 0px; color: #333333; font-family: sans-serif; font-size: 13px; text-align: justify;\"><em style=\"box-sizing: border-box; margin: 0px; padding: 0px;\">Cuộc sống l&agrave; kh&ocirc;ng c&ocirc;ng bằng. Kh&ocirc;ng c&oacute; g&igrave; l&agrave; m&atilde;i m&atilde;i, kh&ocirc;ng c&oacute; g&igrave; l&agrave; bất biến, kh&ocirc;ng c&oacute; g&igrave; l&agrave; đơn sắc. Điều đ&oacute; sẽ l&agrave;m con bạn mạnh mẽ. Con cần hiểu về cuộc đời, nhưng rốt cuộc vẫn n&ecirc;n chọn tin v&agrave;o những điều tốt đẹp.</em></p>\r\n<p style=\"box-sizing: border-box; margin: 0px 0px 10px; padding: 0px; color: #333333; font-family: sans-serif; font-size: 13px; text-align: justify;\"><em style=\"box-sizing: border-box; margin: 0px; padding: 0px;\">Bởi v&igrave; con sẽ trở th&agrave;nh c&aacute;i m&agrave; con tin!</em></p>\r\n<p style=\"box-sizing: border-box; margin: 0px 0px 10px; padding: 0px; color: #333333; font-family: sans-serif; font-size: 13px; text-align: justify;\"><em style=\"box-sizing: border-box; margin: 0px; padding: 0px;\">H&atilde;ng Bảo hiểm nh&acirc;n thọ tốt nhất bền vững nhất cho cả gia đ&igrave;nh m&igrave;nh l&agrave; c&oacute; nhiều người bạn tử tế v&agrave; được nhiều người y&ecirc;u thương.\"</em></p>'),(121,1,27,'CAMBRIDGE IELTS 13 ACADEMIC WITH ANSWERS (SAVINA)','EB06',120,'image_192146.jpg',125000,110000,'1','<p style=\"box-sizing: border-box; margin: 0px 0px 10px; padding: 0px; color: #333333; font-family: sans-serif; font-size: 13px; text-align: justify;\">Cambridge IELTS &ndash; một bộ t&agrave;i liệu được sử dụng bởi rất nhiều c&aacute;c thế hệ học vi&ecirc;n muốn &ocirc;n thi IELTS, do nh&agrave; xuất bản Cambridge ph&aacute;t h&agrave;nh &ndash; Một trong những đơn vị tổ chức ra kỳ thi IELTS. Bộ s&aacute;ch n&agrave;y ph&ugrave; hợp với đối tượng học sinh đang trong giai đoạn &ldquo;nước r&uacute;t&rdquo;, muốn luyện tập trước k&igrave; thi. Đến nay, Cambridge IELTS đ&atilde; xuất bản được 13 quyển.</p>\r\n<p style=\"box-sizing: border-box; margin: 0px 0px 10px; padding: 0px; color: #333333; font-family: sans-serif; font-size: 13px; text-align: justify;\">Cambridge IELTS 13 ch&iacute;nh l&agrave; cuốn mới nhất được ra v&agrave;o năm 2018. Đ&acirc;y chắc chắn l&agrave; cuốn t&agrave;i liệu m&agrave; rất nhiều sĩ tử luyện thi IELTS đang mong chờ trong năm nay.</p>\r\n<p style=\"box-sizing: border-box; margin: 0px 0px 10px; padding: 0px; color: #333333; font-family: sans-serif; font-size: 13px; text-align: justify;\">Nếu đ&atilde; t&igrave;m hiểu tương đối s&acirc;u về IELTS chắc c&aacute;c bạn cũng biết cấu tr&uacute;c đề thi IELTS kh&ocirc;ng thay đổi nhưng mỗi năm chủ đề&nbsp;trong IELTS đa dạng v&agrave; kh&oacute; hơn. V&igrave; vậy, cuốn Cambridge IELTS 13 sẽ gi&uacute;p bạn &ocirc;n luyện bộ đề IELTS mới nhất hiện nay, cập nhật kiến thức hữu &iacute;ch, đảm bảo bạn sẽ kh&ocirc;ng bị &ldquo;tụt hậu&rdquo;, gi&uacute;p bạn luyện thi IELTS hiệu quả nhất.</p>'),(122,1,18,'LITTLE STORIES – TO PUSH YOU FORWARD','EB07',100,'bia---littlestories5_to-push-you-forward_.jpg',230000,187000,'1','<p style=\"box-sizing: border-box; margin: 0px 0px 10px; padding: 0px; color: #333333; font-family: sans-serif; font-size: 13px; text-align: justify;\"><strong style=\"box-sizing: border-box; margin: 0px; padding: 0px; font-family: Arial, Helvetica, sans-serif;\">Little Stories &ndash; To Push You Forward</strong></p>\r\n<p style=\"box-sizing: border-box; margin: 0px 0px 10px; padding: 0px; color: #333333; font-family: sans-serif; font-size: 13px; text-align: justify;\">Tiếng Anh hiện nay đ&atilde; l&agrave; một ng&ocirc;n ngữ phổ biến tại Việt Nam, được nhiều người sử dụng thường xuy&ecirc;n trong học tập, c&ocirc;ng việc hay sinh hoạt đời thường. Ngo&agrave;i vai tr&ograve; l&agrave; một ng&ocirc;n ngữ mang lại lợi thế to lớn trong cuộc sống, tiếng Anh c&ograve;n được nhiều người t&igrave;m đến để mở mang vốn kiến thức, hay đơn giản l&agrave; một th&uacute; vui, th&uacute; đọc sau một ng&agrave;y căng thẳng v&agrave; mệt mỏi.</p>\r\n<p style=\"box-sizing: border-box; margin: 0px 0px 10px; padding: 0px; color: #333333; font-family: sans-serif; font-size: 13px; text-align: justify;\">&nbsp;&nbsp;&nbsp;&nbsp; Bộ s&aacute;ch Little Stories, với những c&acirc;u chuyện hay, th&uacute; vị được sưu tầm tr&ecirc;n khắp thế giới, sẽ l&agrave; một trải nghiệm mới d&agrave;nh cho độc giả. Ngo&agrave;i chia sẻ những c&acirc;u chuyện nhẹ nh&agrave;ng, những b&agrave;i học &yacute; nghĩa, bộ s&aacute;ch c&ograve;n gi&uacute;p người đọc tự trau dồi vốn tiếng Anh ngay trong l&uacute;c thư gi&atilde;n. Ch&uacute;ng t&ocirc;i hy vọng bộ s&aacute;ch n&agrave;y sẽ lu&ocirc;n đồng h&agrave;nh c&ugrave;ng qu&yacute; độc giả, lu&ocirc;n đem lại cho c&aacute;c bạn những gi&acirc;y ph&uacute;t nhẹ nh&agrave;ng v&agrave; thư th&aacute;i</p>'),(123,6,28,'CHỜ ĐẾN MẪU GIÁO THÌ ĐÃ MUỘN','BM03',500,'cho-den-mau-giao-thi-da-muon-b.jpg',69000,49000,'1','<p style=\"box-sizing: border-box; margin: 0px 0px 10px; padding: 0px; color: #333333; font-family: sans-serif; font-size: 13px; text-align: justify;\"><strong style=\"box-sizing: border-box; margin: 0px; padding: 0px; font-family: Arial, Helvetica, sans-serif;\"><em style=\"box-sizing: border-box; margin: 0px; padding: 0px;\">TOP 100 BEST SELLER - Chờ đến mẫu gi&aacute;o th&igrave; đ&atilde; muộn</em></strong>&nbsp;l&agrave; cuốn s&aacute;ch b&agrave;n về phương ph&aacute;p gi&aacute;o dục trẻ trong giai đoạn từ 0 đến 3 tuổi của t&aacute;c giả Ibuka Masaru, người s&aacute;ng lập tập đo&agrave;n Sony đồng thời l&agrave; một nh&agrave; nghi&ecirc;n cứu gi&aacute;o dục. Dựa tr&ecirc;n những nghi&ecirc;n cứu về sinh l&yacute; học của n&atilde;o bộ v&agrave; di truyền học, &ocirc;ng đ&atilde; khẳng định sự ph&aacute;t triển về tr&iacute; tuệ v&agrave; năng lực của trẻ được quyết định trong giai đoạn từ 0 đến 3 tuổi, giai đoạn n&agrave;y l&agrave; &ldquo;thời kỳ th&iacute;ch hợp&rdquo; để &ldquo;nu&ocirc;i dạy một đứa trẻ trở n&ecirc;n ngoan ngo&atilde;n, vui vẻ, c&oacute; tr&iacute; tuệ th&ocirc;ng minh v&agrave; khỏe mạnh&rdquo;. Từ đ&oacute;, &ocirc;ng đưa ra những giải ph&aacute;p để gi&uacute;p c&aacute;c bậc cha mẹ tạo ra m&ocirc;i trường để trẻ c&oacute; thể ph&aacute;t huy hết khả năng của m&igrave;nh.</p>\r\n<p style=\"box-sizing: border-box; margin: 0px 0px 10px; padding: 0px; color: #333333; font-family: sans-serif; font-size: 13px; text-align: justify;\">Sức cuốn h&uacute;t của&nbsp;<strong style=\"box-sizing: border-box; margin: 0px; padding: 0px; font-family: Arial, Helvetica, sans-serif;\"><em style=\"box-sizing: border-box; margin: 0px; padding: 0px;\">Chờ đến mẫu gi&aacute;o th&igrave; đ&atilde; muộn</em></strong>&nbsp;kh&ocirc;ng phải l&agrave; những b&agrave;i học gi&aacute;o dục cao si&ecirc;u m&agrave; ở lời nhắn nhủ h&atilde;y khơi dậy tiềm năng của trẻ từ những điều nhỏ nhặt trong cuộc sống bằng t&igrave;nh y&ecirc;u của người l&agrave;m cha mẹ.</p>'),(124,6,29,'ĂN DẶM KIỂU NHẬT (TÁI BẢN 2018)','BM04',200,'image_180164_1_43_1_57_1_4_1_2_1_165.jpg',160000,160000,'1','<p><span style=\"color: #333333; font-family: sans-serif; font-size: 13px; text-align: justify;\">Bạn đ&atilde; l&agrave;m cha mẹ. V&agrave; bạn c&oacute; l&uacute;ng t&uacute;ng với bước đầu cho b&eacute; y&ecirc;u ăn dặm?</span></p>\r\n<p style=\"box-sizing: border-box; margin: 0px 0px 10px; padding: 0px; color: #333333; font-family: sans-serif; font-size: 13px; text-align: justify;\">Giai đoạn ăn dặm c&oacute; vai tr&ograve; l&agrave; giai đoạn chuẩn bị để trẻ chuyển từ b&uacute; mẹ, uống sữa ngo&agrave;i sang &ldquo;nhai n&aacute;t v&agrave; nuốt&rdquo;. Điều quan trọng của giai đoạn n&agrave;y kh&ocirc;ng chỉ l&agrave; cho trẻ ăn v&agrave; theo d&otilde;i đảm bảo sự ph&aacute;t triển của trẻ m&agrave; c&ograve;n phải theo d&otilde;i chức năng ăn v&agrave; l&ocirc;i k&eacute;o hợp l&yacute; sự ham th&iacute;ch ăn của trẻ, l&agrave;m cho trẻ tự lập. Để l&agrave;m được những việc đ&oacute;, thống nhất quan điểm l&agrave; rất quan trọng, phải thống nhất về việc lựa chọn thực phẩm, lượng ăn, c&aacute;ch ăn, những người lớn xung quanh gi&uacute;p đỡ như thế n&agrave;o. Tuy nhi&ecirc;n việc ăn dặm l&agrave; việc h&agrave;ng ng&agrave;y. Bạn c&oacute; đang băn khoăn trăn trở n&ecirc;n cho trẻ ăn g&igrave;, ăn bao nhi&ecirc;u, ăn như thế n&agrave;o kh&ocirc;ng. Trong giai đoạn lần đầu ti&ecirc;n b&eacute; tiếp x&uacute;c với thức ăn, nếu mọi người xung quanh b&eacute; qu&aacute; nhạy cảm, lo lắng về bữa ăn dặm của trẻ, lo lắng đ&oacute; sẽ truyền sang b&eacute; v&agrave; thường l&agrave;m mất đi kh&ocirc;ng kh&iacute; của bữa ăn vốn dĩ l&agrave; vui vẻ.</p>\r\n<p style=\"box-sizing: border-box; margin: 0px 0px 10px; padding: 0px; color: #333333; font-family: sans-serif; font-size: 13px; text-align: justify;\">Ch&iacute;nh v&igrave; thế, đ&uacute;ng như ti&ecirc;u đề của cuốn s&aacute;ch, t&ocirc;i giới thiệu những c&ocirc;ng thức nấu ăn đơn giản m&agrave; ai cũng c&oacute; thể l&agrave;m được trong thời gian ngắn bởi n&oacute; &ldquo;đơn giản&rdquo;, &ldquo;dễ l&agrave;m&rdquo; v&agrave; những c&ocirc;ng thức nấu ăn phong ph&uacute; s&aacute;ng tạo v&iacute; dụ như chia từ thức ăn của người lớn, thực đơn sử dụng baby food &hellip; Ngo&agrave;i ra c&ograve;n n&oacute;i rất cẩn thận về những thực phẩm cần phải c&acirc;n nhắc khi trẻ bị ốm, dị ứng thực phẩm. Hơn nữa, cuốn s&aacute;ch cũng c&oacute; cả những c&ocirc;ng thức nấu ăn khi bị dị ứng để bữa ăn dặm kh&ocirc;ng trở n&ecirc;n nh&agrave;m ch&aacute;n.</p>\r\n<p style=\"box-sizing: border-box; margin: 0px 0px 10px; padding: 0px; color: #333333; font-family: sans-serif; font-size: 13px; text-align: justify;\">Ngo&agrave;i ra, chắc hẳn theo từng lứa tuổi, c&aacute;c bạn cũng nhiều điều nghi hoặc như &ldquo;con t&ocirc;i tỏ ra th&iacute;ch kh&ocirc;ng th&iacute;ch nhiều thứ, liệu c&oacute; vấn đề g&igrave; kh&ocirc;ng&rdquo;, &ldquo;n&ecirc;n c&acirc;n bằng sữa mẹ v&agrave; ăn dặm như thế n&agrave;o&rdquo;??? Cuốn s&aacute;ch n&agrave;y cũng đ&atilde; chuẩn bị những c&acirc;u trả lời dễ hiểu cho những c&acirc;u hỏi như vậy ở phần Q&amp;A. Nếu đọc phần đ&oacute; bạn sẽ dễ d&agrave;ng hiểu được từ b&acirc;y giờ n&ecirc;n l&agrave;m c&aacute;i g&igrave;, như thế n&agrave;o v&agrave; bạn c&oacute; thể đối diện với trẻ bằng sự rộng lượng bao dung của m&igrave;nh.</p>'),(125,4,2,'90% TRẺ THÔNG MINH NHỜ CÁCH TRÒ CHUYỆN ĐÚNG ĐẮN CỦA CHA MẸ (TÁI BẢN 2019)','BM05',132,'image_182756.jpg',230000,199000,'1','<p style=\"box-sizing: border-box; margin: 0px 0px 10px; padding: 0px; color: #333333; font-family: sans-serif; font-size: 13px; text-align: justify;\">Bạn c&oacute; bao giờ thốt ra những c&acirc;u d&ugrave; biết l&agrave; kh&ocirc;ng n&ecirc;n n&oacute;i như&nbsp; &ldquo;C&ograve;n lề mề đến bao giờ nữa hả?&rdquo; hay &ldquo;Chẳng được c&aacute;i tr&ograve; trống g&igrave;, đưa đ&acirc;y xem n&agrave;o!&rdquo;&hellip; nhưng vẫn lỡ lời kh&ocirc;ng?</p>\r\n<p style=\"box-sizing: border-box; margin: 0px 0px 10px; padding: 0px; color: #333333; font-family: sans-serif; font-size: 13px; text-align: justify;\">Trong qu&aacute; tr&igrave;nh trẻ trưởng th&agrave;nh, những lời lẽ kiểu &ldquo;M&agrave;y chẳng được c&aacute;i t&iacute;ch sự g&igrave;!&rdquo; trẻ phải nghe ng&agrave;y ng&agrave;y sẽ thẩm thấu qua v&ocirc; thức, rồi sau đ&oacute; trở th&agrave;nh &yacute; thức coi m&igrave;nh chỉ l&agrave; loại &ldquo;v&ocirc; dụng&rdquo;. Kh&ocirc;ng biết từ l&uacute;c n&agrave;o, trẻ sẽ bắt đầu thực hiện những h&agrave;nh vi, lối sống kh&ocirc;ng tốt.</p>\r\n<p style=\"box-sizing: border-box; margin: 0px 0px 10px; padding: 0px; color: #333333; font-family: sans-serif; font-size: 13px; text-align: justify;\">Trong cuốn s&aacute;ch n&agrave;y, ch&uacute;ng t&ocirc;i sẽ giới thiệu tới qu&yacute; vị phụ huynh những c&acirc;u n&oacute;i &ldquo;c&oacute; ph&eacute;p lạ&rdquo; khiến c&aacute;c con trở th&agrave;nh những đứa trẻ &ldquo;tự c&oacute; &yacute; thức&rdquo; m&agrave; cha mẹ kh&ocirc;ng cần cằn nhằn nhiều. Hơn nữa, đ&acirc;y ho&agrave;n to&agrave;n l&agrave; những c&acirc;u ch&uacute;ng ta c&oacute; thể &aacute;p dụng ngay từ ng&agrave;y h&ocirc;m nay như &ldquo;Mẹ lu&ocirc;n đứng về ph&iacute;a con!&rdquo;, &ldquo;Mẹ con m&igrave;nh c&ugrave;ng l&agrave;m nh&eacute;!&rdquo;&hellip;</p>\r\n<p style=\"box-sizing: border-box; margin: 0px 0px 10px; padding: 0px; color: #333333; font-family: sans-serif; font-size: 13px; text-align: justify;\">Về bản chất, mỗi đứa trẻ đều mang trong m&igrave;nh một &ldquo;sức mạnh&rdquo; tuyệt vời. Nhưng trước hết, ch&uacute;ng ta phải tin tưởng v&agrave;o sức mạnh ấy đ&atilde;! Khi được tin cậy, &ldquo;sức mạnh&rdquo; b&ecirc;n trong trẻ sẽ được nu&ocirc;i dưỡng một c&aacute;ch tự nhi&ecirc;n.</p>\r\n<p style=\"box-sizing: border-box; margin: 0px 0px 10px; padding: 0px; color: #333333; font-family: sans-serif; font-size: 13px; text-align: justify;\">Cuốn s&aacute;ch n&agrave;y sẽ giới thiệu c&aacute;ch tr&ograve; chuyện gi&uacute;p khai ph&aacute; sức mạnh ấy từ nhiều g&oacute;c độ. Chắc chắn kh&ocirc;ng chỉ c&aacute;c con m&agrave; ngay cả ch&iacute;nh c&aacute;c bậc phụ huynh cũng sẽ thay đổi. Cuộc sống sẽ lại một lần nữa trở n&ecirc;n thật tuyệt vời.</p>\r\n<p style=\"box-sizing: border-box; margin: 0px 0px 10px; padding: 0px; color: #333333; font-family: sans-serif; font-size: 13px; text-align: justify;\">Cuốn s&aacute;ch n&agrave;y sẽ gi&uacute;p mở rộng tiềm năng của trẻ tới v&ocirc; hạn!</p>'),(126,5,20,'NGHỆ THUẬT TINH TẾ CỦA VIỆC \"ĐẾCH\" QUAN TÂM','KT09',1000,'nghe_thuat_tinh_te_cua_viec_dech_quan_tam_2_2018_07_16_09_00_52.jpg',265000,135000,'1','<p><span style=\"color: #333333; font-family: sans-serif; font-size: 13px; text-align: justify;\">\"Trong cuộc đời m&igrave;nh, t&ocirc;i đ&atilde; từng quan t&acirc;m về qu&aacute; nhiều thứ. Đồng thời t&ocirc;i cũng \"đếch\" quan t&acirc;m tới nhiều người, nhiều điều kh&aacute;c nữa. V&agrave; giống như con đường chưa từng được khai ph&aacute;, ch&iacute;nh những điều t&ocirc;i chẳng th&egrave;m quan t&acirc;m ấy lại tạo n&ecirc;n sự kh&aacute;c biệt.&nbsp;</span><br style=\"box-sizing: border-box; margin: 0px; padding: 0px; color: #333333; font-family: sans-serif; font-size: 13px; text-align: justify;\" /><span style=\"color: #333333; font-family: sans-serif; font-size: 13px; text-align: justify;\">Ch&igrave;a kh&oacute;a của một cuộc sống tốt đẹp kh&ocirc;ng phải l&agrave; quan t&acirc;m nhiều hơn, m&agrave; l&agrave; quan t&acirc;m &iacute;t đi, chỉ quan t&acirc;m tới điều g&igrave; l&agrave; thật, gần gũi v&agrave; thực sự quan trọng.</span><br style=\"box-sizing: border-box; margin: 0px; padding: 0px; color: #333333; font-family: sans-serif; font-size: 13px; text-align: justify;\" /><span style=\"color: #333333; font-family: sans-serif; font-size: 13px; text-align: justify;\">Cuốn n&agrave;y sẽ kh&ocirc;ng dạy bạn c&aacute;ch để đạt tới điều n&agrave;y hay điều nọ, m&agrave; l&agrave; l&agrave;m thế n&agrave;o để vứt bớt v&agrave; bu&ocirc;ng bỏ... N&oacute; sẽ hướng dẫn bạn c&aacute;ch nhắm mắt lại v&agrave; tin rằng bạn c&oacute; thể ng&atilde; ngửa ra đằng sau m&agrave; vẫn ổn. N&oacute; sẽ dạy bạn: ĐỪNG CỐ&rdquo;&nbsp;</span><br style=\"box-sizing: border-box; margin: 0px; padding: 0px; color: #333333; font-family: sans-serif; font-size: 13px; text-align: justify;\" /><span style=\"color: #333333; font-family: sans-serif; font-size: 13px; text-align: justify;\">Tr&iacute;ch Lời t&aacute;c giả</span><br style=\"box-sizing: border-box; margin: 0px; padding: 0px; color: #333333; font-family: sans-serif; font-size: 13px; text-align: justify;\" /><span style=\"color: #333333; font-family: sans-serif; font-size: 13px; text-align: justify;\">Huy Ho&agrave;ng Bookstore h&acirc;n hạnh giới thiệu bạn đọc!</span><br style=\"box-sizing: border-box; margin: 0px; padding: 0px; color: #333333; font-family: sans-serif; font-size: 13px; text-align: justify;\" /><span style=\"color: #333333; font-family: sans-serif; font-size: 13px; text-align: justify;\">S&aacute;ch chuẩn bị ph&aacute;t h&agrave;nh</span></p>'),(127,7,18,'BÀI TẬP TIẾNG ANH LỚP 6 TẬP 2 (CÓ ĐÁP ÁN) ','GK01',200,'btta6-t2-cda_homepage.jpg',165000,162000,'1','<div id=\"desc_content\" class=\"std\" style=\"box-sizing: border-box; margin: 0px; font-size: 13px; height: 385px; color: #333333; font-family: sans-serif; overflow: hidden; padding: 0px 0px 20px !important 0px;\">\r\n<p style=\"box-sizing: border-box; margin: 0px 0px 10px; padding: 0px; text-align: justify;\"><strong style=\"box-sizing: border-box; margin: 0px; padding: 0px; font-family: Arial, Helvetica, sans-serif;\">B&agrave;i Tập Tiếng Anh Lớp 6 Tập 2 (C&oacute; Đ&aacute;p &Aacute;n) - Theo Chương Tr&igrave;nh Mới Của Bộ GD V&agrave; Đ&agrave;o Tạo</strong></p>\r\n<p class=\"doantext\" style=\"box-sizing: border-box; margin: 0px 0px 10px; padding: 0px; text-align: justify;\">Nhằm gi&uacute;p c&aacute;c em học sinh c&oacute; th&ecirc;m t&agrave;i liệu để &ocirc;n luyện v&agrave; thực h&agrave;nh m&ocirc;n tiếng Anh 6 theo chương tr&igrave;nh mới của Bộ Gi&aacute;o Dục v&agrave; Đ&agrave;o Tạo, ch&uacute;ng t&ocirc;i bi&ecirc;n soạn bộ s&aacute;ch B&agrave;i tập tiếng Anh 6.</p>\r\n<p class=\"doantext\" style=\"box-sizing: border-box; margin: 0px 0px 10px; padding: 0px; text-align: justify;\">B&agrave;i tập tiếng Anh 6 gồm hai tập tương ứng với hai tập s&aacute;ch gi&aacute;o khoa Tiếng Anh 6 của nh&agrave; xuất bản Gi&aacute;o Dục Việt Nam hợp t&aacute;c với Nh&agrave; Xuất bản Gi&aacute;o dục Pearson.</p>\r\n<p class=\"doantext\" style=\"box-sizing: border-box; margin: 0px 0px 10px; padding: 0px; text-align: justify;\">B&agrave;i tập tiếng Anh 6 - tập 2 gồm 6 đơn vị b&agrave;i tập, được bi&ecirc;n soạn theo s&aacute;t nội dung của 6 đơn vị b&agrave;i học trong s&aacute;ch Tiếng Anh 6 - tập 2. Mỗi đơn vị b&agrave;i tập gồm 5 phần:</p>\r\n<p style=\"box-sizing: border-box; margin: 0px 0px 10px; padding: 0px; text-align: justify;\">Phần A - Phonetics: c&aacute;c b&agrave;i tập ngữ &acirc;m gi&uacute;p củng cố khả năng ph&aacute;t &acirc;m v&agrave; khả năng nhận biết c&aacute;c &acirc;m được ph&aacute;t &acirc;m giống nhau hoặc kh&aacute;c nhau.</p>\r\n<p style=\"box-sizing: border-box; margin: 0px 0px 10px; padding: 0px; text-align: justify;\">Phần B - Vocabulary and Grammar: c&aacute;c b&agrave;i tập về từ vựng v&agrave; ngữ ph&aacute;p gi&uacute;p &ocirc;n luyện từ vựng v&agrave; củng cố kiến thức ngữ ph&aacute;p trong từng đơn vị b&agrave;i học.</p>\r\n<p style=\"box-sizing: border-box; margin: 0px 0px 10px; padding: 0px; text-align: justify;\">Phần C - Speaking: c&aacute;c b&agrave;i tập đặt c&acirc;u hỏi, ho&agrave;n tất đoạn hội thoại, sắp xếp đoạn hội thoại, v.v. gi&uacute;p r&egrave;n luyện kỹ năng n&oacute;i.</p>\r\n<p style=\"box-sizing: border-box; margin: 0px 0px 10px; padding: 0px; text-align: justify;\">Phần D - Reading: c&aacute;c đoạn văn ngắn với c&aacute;c h&igrave;nh thức điền v&agrave;o chỗ trống, chọn từ để điền v&agrave;o chỗ trống, đọc v&agrave; trả lời c&acirc;u hỏi, đọc rồi viết T (true) hoặc F (false), v.v. gi&uacute;p luyện tập v&agrave; ph&aacute;t triển kỹ năng đọc hiểu.</p>\r\n<p style=\"box-sizing: border-box; margin: 0px 0px 10px; padding: 0px; text-align: justify;\">Phần E - Writing: c&aacute;c b&agrave;i tập viết c&acirc;u hoặc viết đoạn văn gi&uacute;p luyện tập kỹ năng viết.</p>\r\n<p class=\"doantext\" style=\"box-sizing: border-box; margin: 0px 0px 10px; padding: 0px; text-align: justify;\">Sau phần b&agrave;i tập của mỗi đơn vị b&agrave;i tập c&oacute; một b&agrave;i kiểm tra (Test for Unit) v&agrave; sau 3 đơn vị b&agrave;i tập c&oacute; một b&agrave;i tự kiểm tra (Test Yourself) nhằm gi&uacute;p c&aacute;c em &ocirc;n tập v&agrave; củng cố kiến thức đ&atilde; học.</p>\r\n<div style=\"box-sizing: border-box; margin: 0px; padding: 0px; clear: both;\">&nbsp;</div>\r\n</div>\r\n<div id=\"desc_viewmore\" class=\"desc_viewmore\" style=\"box-sizing: border-box; margin: 0px; position: absolute; cursor: pointer; width: calc(100% - 15px); height: 45px; bottom: 0px; font-size: 13px; text-align: center; background: linear-gradient(rgba(255, 255, 255, 0.4) 0px, rgba(255, 255, 255, 0.6) 28%, #ffffff 64%, #ffffff 100%); color: #333333; font-family: sans-serif; padding: 20px 0px 0px !important;\">&nbsp;</div>'),(128,7,18,'VBT TIẾNG VIỆT 2/2 (T9)','GK02',100,'image_185754.jpg',88000,31000,'1','<p><span style=\"color: #333333; font-family: sans-serif; font-size: 13px;\">VBT Tiếng Việt 2/2 (T9)</span></p>'),(129,7,29,'ATLAT ĐỊA LÍ VIỆT NAM (T9)','GK03',10,'image_195509_1_6058.jpg',31000,30000,'1','<p><span style=\"color: #333333; font-family: sans-serif; font-size: 13px;\">Atlat Địa L&iacute; Việt Nam (T9)</span></p>'),(130,7,30,'HÌNH HỌC KHÔNG GIAN (TÁI BẢN 2019)','GK04',20,'image_195509_1_18142.jpg',89000,26000,'1','<p style=\"box-sizing: border-box; margin: 0px 0px 10px; padding: 0px; color: #333333; font-family: sans-serif; font-size: 13px; text-align: justify;\">Cuốn s&aacute;ch H&igrave;nh Học Kh&ocirc;ng Gian n&agrave;y l&agrave; Phần 2 của bộ&nbsp;s&aacute;ch gi&aacute;o khoa&nbsp;H&igrave;nh học sơ cấp của nh&agrave; to&aacute;n học ngưồi Nga Andrey Petrovich Kiselev, được đ&aacute;nh gi&aacute; l&agrave; bộ s&aacute;ch gi&aacute;o khoa hay nhất tr&ecirc;n thế gi&oacute;i về h&igrave;nh học cho học sinh phổ th&ocirc;ng từng được viết trong suốt một thế kỷ qua. Độ kinh điển của n&oacute; c&oacute; thể s&aacute;nh với bộ s&aacute;ch \"Cơ sỏ\" của Euclid. N&oacute; thỏa m&atilde;n đồng th&ograve;i nhiều ti&ecirc;u ch&iacute; m&agrave; kh&ocirc;ng phải quyển s&aacute;ch gi&aacute;o khoa n&agrave;o cũng c&oacute; được, như l&agrave;: ch&iacute;nh x&aacute;c, đơn giản, ngắn gọn v&agrave; am hiểu vấn đề.</p>\r\n<p style=\"box-sizing: border-box; margin: 0px 0px 10px; padding: 0px; color: #333333; font-family: sans-serif; font-size: 13px; text-align: justify;\">Ng&agrave;y nay, bộ s&aacute;ch n&agrave;y kh&ocirc;ng c&ograve;n l&agrave; s&aacute;ch gi&aacute;o khoa ch&iacute;nh thức ở Nga, nhưng trỏ th&agrave;nh s&aacute;ch tham khảo qu&yacute; gi&aacute; v&agrave; được t&aacute;i bản thường xuy&ecirc;n, v&agrave;o năm 2008, Gi&aacute;o sư Alexander Givental ỏ Đại học California Berkeley đ&atilde; dịch bộ s&aacute;ch n&agrave;y sang tiếng Anh, sau khi &ocirc;ng kh&ocirc;ng t&igrave;m được s&aacute;ch h&igrave;nh học n&agrave;o tốt hơn để dạy cho học sinh.</p>\r\n<p style=\"box-sizing: border-box; margin: 0px 0px 10px; padding: 0px; color: #333333; font-family: sans-serif; font-size: 13px; text-align: justify;\">Nội dung của s&aacute;ch H&igrave;nh Học Kh&ocirc;ng Gian v&agrave; s&aacute;ch H&igrave;nh Học Phẳng bao phủ to&agrave;n bộ chương tr&igrave;nh phổ th&ocirc;ng về m&ocirc;n h&igrave;nh học. Hơn thế nữa, n&oacute; c&ograve;n c&oacute; những phần giới thiệu c&aacute;ch tiếp cận rất hiện đại v&agrave; khoa học về c&aacute;c vấn đề h&igrave;nh học sơ cấp, trong đ&oacute; c&oacute; cả việc định nghĩa v&agrave; t&iacute;nh to&aacute;n ch&iacute;nh x&aacute;c diện t&iacute;ch v&agrave; thể t&iacute;ch của những h&igrave;nh c&oacute; bi&ecirc;n cong qua ph&eacute;p lấy gi&oacute;i hạn, việc nghi&ecirc;n cứu c&aacute;c đối xứng của c&aacute;c h&igrave;nh, việc x&acirc;y dựng cơ sỏ ti&ecirc;n đề cho h&igrave;nh học, kh&ocirc;ng gian Euclid (kh&ocirc;ng gian v&eacute;c tơ với t&iacute;ch v&ocirc; hướng), v&agrave; cả những kh&aacute;i niệm h&igrave;nh học phi Euclid, như l&agrave; c&aacute;c m&ocirc; h&igrave;nh v&agrave; l&yacute; thuyết h&igrave;nh học của Lobachevsky, Riemann, Klein, Minkowski, Hilbert, Weyl, v.v. Tất cả những kh&aacute;i niệm tương đối hiện đại đ&oacute; được tr&igrave;nh b&agrave;y một c&aacute;ch đơn giản, r&agrave;nh mạch, học sinh phổ th&ocirc;ng c&oacute; thể tiếp cận được.</p>\r\n<p style=\"box-sizing: border-box; margin: 0px 0px 10px; padding: 0px; color: #333333; font-family: sans-serif; font-size: 13px; text-align: justify;\">Một số phần trong bộ s&aacute;ch n&agrave;y c&oacute; thể được coi l&agrave; kiến thức n&acirc;ng cao, kh&ocirc;ng c&oacute; trong chương tr&igrave;nh phổ th&ocirc;ng ch&iacute;nh thức ở Việt Nam, nhưng rất hữu &iacute;ch cho c&aacute;c học sinh muốn ph&aacute;t triển năng khiếu v&agrave; tư duy to&aacute;n học một c&aacute;ch cơ bản.</p>'),(131,9,30,'BỔ TRỢ KIẾN THỨC VÀ TƯ DUY GIẢI NHANH SIÊU TỐC HÓA HỌC HỮU CƠ LỚP 11 (TẬP 1)','TK23',10,'image_84971.jpg',125000,26000,'1','<div id=\"desc_content\" class=\"std\" style=\"box-sizing: border-box; margin: 0px; font-size: 13px; height: 431px; color: #333333; font-family: sans-serif; overflow: hidden; padding: 0px 0px 20px !important 0px;\">\r\n<p style=\"box-sizing: border-box; margin: 0px 0px 10px; padding: 0px; text-align: justify;\">Bổ Trợ Kiến Thức V&agrave; Tư Duy Giải Nhanh Si&ecirc;u Tốc H&oacute;a Học Hữu Cơ Lớp 11 (Tập 1)</p>\r\n<p style=\"box-sizing: border-box; margin: 0px 0px 10px; padding: 0px; text-align: justify;\">Cuốn s&aacute;ch được bi&ecirc;n soạn dựa tr&ecirc;n kiến thức, kinh nghiệm c&aacute; nh&acirc;n sau nhiều năm giảng dạy, đặc biệt l&agrave; &ocirc;n luyện thi đại học theo h&igrave;nh thức trắc nghiệm; đồng thời tổng hợp ph&acirc;n loại b&agrave;i tập trong c&aacute;c đề thi đại học, cao đẳng của Bộ Gi&aacute;o Dục v&agrave; Đ&agrave;o Tạo, đề thi thử đại học của c&aacute;c trường THPT v&agrave; THPT chuy&ecirc;n, b&agrave;i tập của c&aacute;c thầy c&ocirc; trong c&aacute;c trung t&acirc;m luyện thi lớn, b&agrave;i tập trong đề thi học sinh giỏi của c&aacute;c tỉnh trong c&aacute;c năm qua&hellip; C&oacute; thể n&oacute;i rằng, đ&acirc;y l&agrave; cuốn t&agrave;i liệu tương đối đầy đủ c&aacute;c dạng b&agrave;i tập kh&aacute;c nhau tương ứng xu thế thi hiện nay nhằm ph&aacute;t triển năng lực người học.</p>\r\n<p style=\"box-sizing: border-box; margin: 0px 0px 10px; padding: 0px; text-align: justify;\">Cuốn s&aacute;ch gồm 2 tập:</p>\r\n<p style=\"box-sizing: border-box; margin: 0px 0px 10px; padding: 0px; text-align: justify;\">Tập 1 viết về đại cương h&oacute;a học hữu cơ v&agrave; hiđrocacbon gồm 7 chuy&ecirc;n đề:</p>\r\n<p style=\"box-sizing: border-box; margin: 0px 0px 10px; padding: 0px; text-align: justify;\">+ Chuy&ecirc;n đề 1: Đại cương hữu cơ<br style=\"box-sizing: border-box; margin: 0px; padding: 0px;\" /><br style=\"box-sizing: border-box; margin: 0px; padding: 0px;\" />+ Chuy&ecirc;n đề 2:&nbsp; Phản ứng đốt ch&aacute;y - Cơ sở để giải c&aacute;c b&agrave;i tập hữu cơ. Giới thiệu một số phương ph&aacute;p giải h&oacute;a hữu cơ hay d&ugrave;ng nhất.</p>\r\n<p style=\"box-sizing: border-box; margin: 0px 0px 10px; padding: 0px; text-align: justify;\">+ Chuy&ecirc;n đề 3: Hiđrocacbon no</p>\r\n<p style=\"box-sizing: border-box; margin: 0px 0px 10px; padding: 0px; text-align: justify;\">+ Chuy&ecirc;n đề 4: Anken</p>\r\n<p style=\"box-sizing: border-box; margin: 0px 0px 10px; padding: 0px; text-align: justify;\">+ Chuy&ecirc;n đề 5: Ankađien - Tecpen</p>\r\n<p style=\"box-sizing: border-box; margin: 0px 0px 10px; padding: 0px; text-align: justify;\">+ Chuy&ecirc;n đề 6:&nbsp; Ankin</p>\r\n<p style=\"box-sizing: border-box; margin: 0px 0px 10px; padding: 0px; text-align: justify;\">+ Chuy&ecirc;n đề 7: Hiđrocacbon thơm</p>\r\n<p style=\"box-sizing: border-box; margin: 0px 0px 10px; padding: 0px; text-align: justify;\">&nbsp;</p>\r\n<div style=\"box-sizing: border-box; margin: 0px; padding: 0px; clear: both;\">&nbsp;</div>\r\n</div>\r\n<div id=\"desc_viewmore\" class=\"desc_viewmore\" style=\"box-sizing: border-box; margin: 0px; position: absolute; cursor: pointer; width: calc(100% - 15px); height: 45px; bottom: 0px; font-size: 13px; text-align: center; background: linear-gradient(rgba(255, 255, 255, 0.4) 0px, rgba(255, 255, 255, 0.6) 28%, #ffffff 64%, #ffffff 100%); color: #333333; font-family: sans-serif; padding: 20px 0px 0px !important;\">&nbsp;</div>'),(132,11,2,'LƯỢC SỬ THỜI GIAN','KTT01',500,'2019_09_19_15_04_09_1.jpg',230000,160000,'1','<div id=\"desc_content\" class=\"std\" style=\"box-sizing: border-box; margin: 0px; font-size: 13px; height: 385px; color: #333333; font-family: sans-serif; overflow: hidden; padding: 0px 0px 20px !important 0px;\">\r\n<p style=\"box-sizing: border-box; margin: 0px 0px 10px; padding: 0px; text-align: justify;\">Lược Sử Thời Gian</p>\r\n<p style=\"box-sizing: border-box; margin: 0px 0px 10px; padding: 0px; text-align: justify;\">C&ugrave;ng với Vũ trụ trong vỏ hạt dẻ, Lược sử thời gian được xem l&agrave; cuốn s&aacute;ch nổi tiếng v&agrave; phổ biến nhất về vũ trụ học của Stephen Hawking, li&ecirc;n tục được nằm trong danh mục s&aacute;ch b&aacute;n chạy nhất của c&aacute;c tạp ch&iacute; nổi tiếng thế giới.Lược sử thời gian l&agrave; cuốn sử thi về sự ra đời, sự h&igrave;nh th&agrave;nh v&agrave; ph&aacute;t triển của vũ trụ. T&aacute;c giả đưa v&agrave;o t&aacute;c phẩm của m&igrave;nh to&agrave;n bộ tiến bộ tiến tr&igrave;nh kh&aacute;m ph&aacute; của tr&iacute; tuệ lo&agrave;i người tr&ecirc;n nhiều lĩnh vực: Triết học, Vật l&yacute;, Thi&ecirc;n văn học&hellip;<br style=\"box-sizing: border-box; margin: 0px; padding: 0px;\" /><br style=\"box-sizing: border-box; margin: 0px; padding: 0px;\" />Ch&uacute;ng ta sống cuộc sống h&agrave;ng ng&agrave;y của ch&uacute;ng ta m&agrave; hầu như kh&ocirc;ng hiểu được về thế giới chung quanh. Ch&uacute;ng ta cũng &iacute;t khi suy ngẫm về cơ chế đ&atilde; tạo ra &aacute;nh s&aacute;ng Mặt trời - một yếu tố quan trọng g&oacute;p phần tạo n&ecirc;n sự sống, về hấp dẫn &ndash; c&aacute;i chất keo đ&atilde; kết d&iacute;nh ch&uacute;ng ta v&agrave;o Tr&aacute;i đất m&agrave; nếu kh&aacute;c đi ch&uacute;ng ta sẽ xoay t&iacute;t v&agrave; tr&ocirc;i dạt v&agrave;o kh&ocirc;ng gian vũ trụ, về nguy&ecirc;n tử đ&atilde; cấu tạo n&ecirc;n tất cả ch&uacute;ng ta v&agrave; ch&uacute;ng ta ho&agrave;n to&agrave;n lệ thuộc v&agrave;o sự bền vững của ch&uacute;ng. Chỉ trừ c&oacute; trẻ em (v&igrave; ch&uacute;ng c&ograve;n biết qu&aacute; &iacute;t để kh&ocirc;ng ngần ngại đặt ra những c&acirc;u hỏi quan trọng) c&ograve;n &iacute;t ai trong ch&uacute;ng ta tốn thời gian để băn khoăn tại sao tự nhi&ecirc;n lại như thế n&agrave;y m&agrave; kh&ocirc;ng như thế kh&aacute;c, vũ trụ ra đời từ đ&acirc;u, hoặc n&oacute; c&oacute; m&atilde;i m&atilde;i như thế n&agrave;y kh&ocirc;ng, liệu c&oacute; một ng&agrave;y n&agrave;o đ&oacute; thời gian sẽ tr&ocirc;i giật l&ugrave;i, hậu quả c&oacute; trước nguy&ecirc;n nh&acirc;n hay kh&ocirc;ng; hoặc c&oacute; giới hạn cuối c&ugrave;ng cho sự hiểu biết của con người hay kh&ocirc;ng. Thậm ch&iacute; c&oacute; những đứa trẻ con, m&agrave; t&ocirc;i c&oacute; gặp một số, muốn biết lỗ đen l&agrave; c&aacute;i g&igrave;; c&aacute;i g&igrave; l&agrave; hạt vật chất nhỏ b&eacute; nhất, tại sao ch&uacute;ng ta chỉ nhớ qu&aacute; khứ m&agrave; kh&ocirc;ng nhớ tương lai; v&agrave; nếu l&uacute;c bắt đầu l&agrave; hỗn loạn th&igrave; l&agrave;m thế n&agrave;o c&oacute; sự trật tự như ta thấy h&ocirc;m nay v&agrave; tại sao lại c&oacute; vũ trụ.<br style=\"box-sizing: border-box; margin: 0px; padding: 0px;\" /><br style=\"box-sizing: border-box; margin: 0px; padding: 0px;\" />Trong x&atilde; hội ch&uacute;ng ta c&aacute;c bậc phụ huynh cũng như c&aacute;c thầy gi&aacute;o vẫn c&ograve;n th&oacute;i quen trả lời những c&acirc;u hỏi đ&oacute; bằng c&aacute;ch nh&uacute;n vai hoặc viện đến c&aacute;c gi&aacute;o l&yacute; mơ hồ. Một số c&aacute;c gi&aacute;o l&yacute; ấy lại ho&agrave;n to&agrave;n kh&ocirc;ng th&iacute;ch hợp với những vấn đề vừa n&ecirc;u ở tr&ecirc;n, bởi v&igrave; ch&uacute;ng phơi b&agrave;y qu&aacute; r&otilde; những hạn chế sự hiểu biết của con người.<br style=\"box-sizing: border-box; margin: 0px; padding: 0px;\" /><br style=\"box-sizing: border-box; margin: 0px; padding: 0px;\" />Hiện nay, Hawking l&agrave; gi&aacute;o sư to&aacute;n học của trường Đại học Cambridge, với cương vị m&agrave; trước đ&acirc;y Newton, rồi sau n&agrave;y P.A.M Dirac - hai nh&agrave; nghi&ecirc;n cứu nổi tiếng về những c&aacute;i cực lớn v&agrave; những c&aacute;i cực nhỏ - đảm nhiệm. Hawking l&agrave; người kế tục hết sức xứng đ&aacute;ng của họ. Cuốn s&aacute;ch đầu ti&ecirc;n của Hawking d&agrave;nh cho những người kh&ocirc;ng phải l&agrave; chuy&ecirc;n gia n&agrave;y c&oacute; thể xem l&agrave; một phần thưởng về nhiều mặt cho c&ocirc;ng ch&uacute;ng kh&ocirc;ng chuy&ecirc;n. Cuốn s&aacute;ch vừa hấp dẫn bởi nội dung phong ph&uacute; của n&oacute; vừa bởi n&oacute; cho ch&uacute;ng ta một c&aacute;i nh&igrave;n kh&aacute;i qu&aacute;t qua c&ocirc;ng tr&igrave;nh của ch&iacute;nh t&aacute;c giả cuốn s&aacute;ch n&agrave;y. Cuốn s&aacute;ch chứa đựng những kh&aacute;m ph&aacute; tr&ecirc;n những ranh giới của vật l&yacute; học, thi&ecirc;n văn học, vũ trụ học v&agrave; của cả l&ograve;ng dũng cảm nữa.<br style=\"box-sizing: border-box; margin: 0px; padding: 0px;\" /><br style=\"box-sizing: border-box; margin: 0px; padding: 0px;\" />Đ&acirc;y cũng l&agrave; cuốn s&aacute;ch về Thượng đế... hay đ&uacute;ng hơn l&agrave; về sự kh&ocirc;ng c&oacute; mặt của Thượng đế. Chữ Thượng đế xuất hiện tr&ecirc;n nhiều trang của cuốn s&aacute;ch n&agrave;y. Hawking đ&atilde; dấn th&acirc;n đi t&igrave;m c&acirc;u trả lời cho c&acirc;u hỏi nổi tiếng của Einstein: liệu Thượng đế c&oacute; sự lựa chọn n&agrave;o trong việc tạo ra vũ trụ n&agrave;y hay kh&ocirc;ng? Hawking đ&atilde; nhiều lần tuy&ecirc;n bố một c&aacute;ch c&ocirc;ng khai rằng &ocirc;ng c&oacute; &yacute; định t&igrave;m hiểu &yacute; nghĩa của Thượng đế. V&agrave; từ nỗ lực đ&oacute;, &ocirc;ng đ&atilde; r&uacute;t ra một kết luận bất ngờ nhất, &iacute;t nhất l&agrave; cho đến hiện nay, đ&oacute; l&agrave; vũ trụ kh&ocirc;ng c&oacute; bi&ecirc;n trong kh&ocirc;ng gian, kh&ocirc;ng c&oacute; bắt đầu v&agrave; kết th&uacute;c trong thời gian v&agrave; chẳng c&oacute; việc g&igrave; cho Đấng s&aacute;ng thế phải l&agrave;m ở đ&acirc;y cả. - CARL SAGA.</p>\r\n<div style=\"box-sizing: border-box; margin: 0px; padding: 0px; clear: both;\">&nbsp;</div>\r\n</div>\r\n<div id=\"desc_viewmore\" class=\"desc_viewmore\" style=\"box-sizing: border-box; margin: 0px; position: absolute; cursor: pointer; width: calc(100% - 15px); height: 45px; bottom: 0px; font-size: 13px; text-align: center; background: linear-gradient(rgba(255, 255, 255, 0.4) 0px, rgba(255, 255, 255, 0.6) 28%, #ffffff 64%, #ffffff 100%); color: #333333; font-family: sans-serif; padding: 20px 0px 0px !important;\">&nbsp;</div>'),(133,12,2,'VŨ TRỤ TRONG VỎ HẠT DẺ (TÁI BẢN 2017)','KH01',200,'vutrutronghatde2017.jpg',123000,89000,'1','<p style=\"box-sizing: border-box; margin: 0px 0px 10px; padding: 0px; color: #333333; font-family: sans-serif; font-size: 13px; text-align: justify;\">Vũ Trụ Trong Vỏ Hạt Dẻ (T&aacute;i Bản 2017)</p>\r\n<p style=\"box-sizing: border-box; margin: 0px 0px 10px; padding: 0px; color: #333333; font-family: sans-serif; font-size: 13px; text-align: justify;\"><span style=\"box-sizing: border-box; margin: 0px; padding: 0px;\">L&ograve;ng kh&aacute;t khao kh&aacute;m ph&aacute; lu&ocirc;n l&agrave; động lực cho tr&iacute; s&aacute;ng tạo của con người trong mọi lĩnh vực kh&ocirc;ng chỉ trong khoa học. Điều đ&oacute; được kiểm chứng trong quyển \"Vũ trụ trong vỏ hạt dẻ\".</span></p>'),(134,11,1,'10 VẠN CÂU HỎI VÌ SAO? – VẬT LÝ (TÁI BẢN)','TKT03',200,'8935095621750.jpg',65000,61000,'1','<p style=\"box-sizing: border-box; margin: 0px 0px 10px; padding: 0px; color: #333333; font-family: sans-serif; font-size: 13px; text-align: justify;\"><span style=\"box-sizing: border-box; margin: 0px; padding: 0px;\">10 Vạn C&acirc;u Hỏi V&igrave; Sao? &ndash; Vật L&yacute;</span></p>\r\n<p style=\"box-sizing: border-box; margin: 0px 0px 10px; padding: 0px; color: #333333; font-family: sans-serif; font-size: 13px; text-align: justify;\">V&igrave; sao phải đắp đ&ecirc; tr&ecirc;n hẹp dưới rộng?</p>\r\n<p style=\"box-sizing: border-box; margin: 0px 0px 10px; padding: 0px; color: #333333; font-family: sans-serif; font-size: 13px; text-align: justify;\">V&igrave; sao khi phanh &ocirc; t&ocirc; nhất định phải phanh b&aacute;nh sau?</p>\r\n<p style=\"box-sizing: border-box; margin: 0px 0px 10px; padding: 0px; color: #333333; font-family: sans-serif; font-size: 13px; text-align: justify;\">V&igrave; sao b&uacute;t m&aacute;y c&oacute; thể tự động chảy mực ra?</p>\r\n<p style=\"box-sizing: border-box; margin: 0px 0px 10px; padding: 0px; color: #333333; font-family: sans-serif; font-size: 13px; text-align: justify;\">Th&ocirc;ng qua những c&acirc;u hỏi về c&aacute;c sự vật, hiện tượng trong tự nhi&ecirc;n, tập s&aacute;ch 10 vạn c&acirc;u hỏi v&igrave; sao sẽ giải đ&aacute;p một c&aacute;ch ch&iacute;nh x&aacute;c, khoa học v&agrave; dễ hiểu cho bạn đọc về vật l&yacute;. C&aacute;c nội dung kiến thức được tr&igrave;nh b&agrave;y giản dị, dễ hiểu, gi&agrave;u t&iacute;nh th&ocirc;ng tin khoa học v&agrave; thực tiễn, đặc biệt ph&ugrave; hợp với c&aacute;c bạn nhỏ, gi&uacute;p c&aacute;c em ph&aacute;t huy tr&iacute; t&ograve; m&ograve;, mở rộng hiểu biết về thế giới xung quanh.&nbsp;&nbsp;</p>'),(135,13,25,'LỊCH SỬ VIỆT NAM BẰNG TRANH (BỘ DÀY) - TẬP 5: NHÀ TRẦN THẮNG GIẶC NGUYÊN MÔNG','LS01',200,'lich_su_viet_nam_bang_tranh_-_nha_tran_thang_giac_nguyen_mong_3922-2_1.jpg',122000,119000,'1','<p><span style=\"color: #333333; font-family: sans-serif; font-size: 13px; text-align: justify;\">Tập s&aacute;ch giới thiệu về lịch sử nước ta thời chống qu&acirc;n x&acirc;m lược phương Bắc với những chiến c&ocirc;ng oanh liệt của: Hai B&agrave; Trưng, B&agrave; Triệu, L&yacute; Nam Đế, Triệu Quang Phục, Mai Hắc Đế, Bố C&aacute;i đại vương Ph&ugrave;ng Hưng, Kh&uacute;c Thừa Dụ.</span></p>'),(137,7,19,'ad','a',1,'thien-than-anh-thedocx-1572768363376.jpeg',1,1,'1','<p>a</p>');
/*!40000 ALTER TABLE `sanpham` ENABLE KEYS */;
UNLOCK TABLES;
/*!40103 SET TIME_ZONE=@OLD_TIME_ZONE */;

/*!40101 SET SQL_MODE=@OLD_SQL_MODE */;
/*!40014 SET FOREIGN_KEY_CHECKS=@OLD_FOREIGN_KEY_CHECKS */;
/*!40014 SET UNIQUE_CHECKS=@OLD_UNIQUE_CHECKS */;
/*!40101 SET CHARACTER_SET_CLIENT=@OLD_CHARACTER_SET_CLIENT */;
/*!40101 SET CHARACTER_SET_RESULTS=@OLD_CHARACTER_SET_RESULTS */;
/*!40101 SET COLLATION_CONNECTION=@OLD_COLLATION_CONNECTION */;
/*!40111 SET SQL_NOTES=@OLD_SQL_NOTES */;

-- Dump completed on 2019-12-29 11:35:50
